-0.01306124872739622,0.07906134467588387,0.09065584106139421,-0.07660049452446513,-0.2200784935779831,0.02657077430379506,-0.1387527289706986,0.09709738040823297,0.1080570671328216,-0.07612768256177857,0.1380210235406355,-0.1990965783929398,-0.1661754195707527,-0.06306957138658202,0.2207411486995378,-0.2060014619691468,0.06465004465889536,-0.03331397507762134,-0.1226116817968698,-0.05867465018529491,0.1596376825251444,-0.07519065136307407,-0.1577397452457324,-0.06555274576435643,-0.1532695819642165,0.1378124866778112,-0.07759366014555275,0.1845489597331943,-0.2179728983817263,0.1264842420135203,-0.09906053223431897,0.08845949534705166,-0.09534840688834363,0.162183368900978,0.0197041174882833,-0.1245316003160577,0.1713470260893704,-0.1945258306235385,-0.1413856557062873,-0.1674346162332197,-0.06003169436619255,0.008157883769114768,-0.032974901254116,-0.03672940586138375,-0.04970032165330211,-0.1471202346833703,0.1368028144797427,0.1537486279517416,0.1148560712709577,0.1401164016046629,0.09460329924067466,-0.00349839299533875,-0.09108257508682052,0.1982186576240613,0.06876724891365329,0.1371414455841767,0.001880521868670308,-0.02008835824175843,-0.09194218547483751,0.1149392137212881,-0.2042296877639742,-0.05603952523561874,-0.102295374861858,-0.1677172731056251
0.1100544234084383,0.04381112406191449,0.08782909633255095,-0.1960156955657674,0.0705963403800913,0.1554108553414631,0.0006611825818435408,-0.01905398978902843,0.02375200884957958,0.05582437478505545,0.1110738738153654,0.125823261923753,-0.1956751708992998,-0.01447241344606692,0.0436054561053747,0.03576255733431665,-0.1120403722588773,0.1094867869141438,0.1456791272753537,-0.06104118099916397,0.163724890912215,0.1806128121265415,0.1954258378198394,0.07055717351237004,-0.1369666650217407,-0.1984415946955096,0.1919180920539747,-0.08307217065199893,0.2241127872850974,-0.114727583087229,0.04921265080243713,-0.1254060136403065,0.02511709760039627,0.01784725899336983,0.01313318185615321,-0.1077357682119368,0.1018598211614061,-0.1877757944424197,0.07485537235536494,0.1821826915876691,-0.03369686250924497,-0.1610327923315201,0.06708721005150006,0.1095481898475588,-0.06257868482966727,0.03066210762761835,-0.1261328875049411,-0.06721501773905164,-0.2009115498845217,-0.1263834319023311,-0.1512573787531767,-0.1268893301373138,0.09971960874225103,-0.1282161370915419,-0.1243068418298313,0.1120175300435526,0.2154118188048184,0.191327597000547,0.06171842252672387,0.1912237497883182,0.05154306818429989,0.1109107146019765,-0.04465249621803986,-0.2199307980977439
0.0583012570815348,-0.1934883802307401,0.1448293626643612,0.1527460721454841,-0.132518200680414,0.09180797809535163,0.0749310306369786,0.06198944521669562,0.186544622800476,0.1736254673571886,0.1427416233248767,-0.007120270362238939,-0.1704352838539766,-0.1099798572833186,-0.1445008133047664,-0.09591691896420992,-0.07410663166480759,-0.1307636854822803,-0.1084219442072105,0.01183825612466886,0.1942620971813545,-0.06864114657959912,0.01744620183737803,-0.07834256609515944,0.1354393854362421,-0.1679037136201106,0.1495178399568854,-0.09559197559945563,0.1781878966953521,-0.1496881687581317,-0.1426867835099642,0.08455462807444375,0.165721396475434,0.08012735959399868,-0.02985711025637118,-0.09576593402470034,0.112748846610089,-0.1355264336480098,0.1632670235201681,-0.151176636542437,0.16573578851917,-0.179280728206366,0.04857352478274002,-0.1655426573687378,0.08749588218958762,0.06664776397698367,0.1774047329879138,-0.01387895516335559,-0.1522475196538253,0.09842634164616322,0.1079400295377562,0.145483378906992,-0.03428967167369422,-0.1059322238867903,-0.1489103688915314,0.1159084481851533,-0.1774170977560432,-0.1315296000296456,-0.1629002325468408,0.06796544704137207,0.1090056803510386,0.08332114853474377,0.1165033640222323,-0.002847500328273747
0.06391941984858517,0.07449582175850157,0.1472629813270064,0.06897984737312458,-0.2019993691863747,-0.1123689799453698,-0.03963471519379046,0.1128681638789225,0.05992900364758977,0.1089980377173102,-0.1278338395400701,0.1461116405639124,-0.1895443073736529,0.2241634320355401,-0.03588613208731107,0.1940021379509171,-0.07276886413289983,-0.1632603814945415,0.04509573578414029,-0.1151117622819402,0.127663020705892,-0.07443914958658632,-0.131550185538648,0.1190759249196632,-0.1728044285613766,0.2157560889954606,-0.2067869863542989,0.001786691864480992,-0.08315231097719783,-0.1962347824688433,-0.2247944889501747,0.00702446091340983,-0.1163632919123032,0.06285148737009681,0.08919674836864179,0.1927779280898537,-0.165233815567528,0.01909900581543326,-0.04777121375593012,-0.08896671091611587,-0.1679349562411378,0.0834221714316033,0.0198906284874024,-0.1404515142517327,-0.1197000905956399,-0.08382573157267451,0.1198165112547612,-0.01487482585468743,-0.04386068488379011,-0.06272210673300628,-0.1658220535420744,-0.0239416540647181,-0.007195050715780537,-0.1682341381980959,-0.07112903438944711,-0.009247746004312633,-0.2127215384833837,0.02299419865835126,0.07535121547109401,-0.1901052004127737,-0.1029699341873653,-0.2181674431661833,0.0358151582249769,-0.01015134259224628
0.08979200715563676,0.1366406310410231,-0.06301762315902093,-0.1882943825311514,0.006276583127352861,0.0539643488679473,-0.004758966383527401,-0.09233082586347001,0.1243612639210614,0.01622187722003123,-0.137362231390639,-0.1727486002792145,-0.1091317052072118,0.1218875038538183,-0.1056429945879867,0.06404741887302264,0.02183598437751709,-0.000178268350789258,0.1575802442205577,-0.1878492614012317,-0.1707332598991513,0.1312906396500951,-0.1689978534775923,-0.1788290918743659,0.05044189476431982,-0.02866107953259372,-0.018009839955917,-0.1545614569092316,-0.008739998765699596,-0.1545512454927246,0.1546513315337141,-0.02342036302435661,0.09128066461405361,0.1948058762595997,0.1513881677051667,0.1525688056986191,0.01395194142837589,-0.1229894223968006,-0.1337692885238695,-0.03188603350076732,-0.1657601603031004,0.1488666924996727,-0.1926890885566581,0.1494762845212437,-0.1330473326026075,-0.05670257402295915,0.02501139042144065,0.1320897193509674,-0.1542711686779816,0.1816806557435817,-0.03462830984793716,-0.1439380124223491,-0.06987714293367467,0.1170664270312666,0.1735856346423324,-0.0859314538640932,0.1872537920225019,0.1958684489827871,0.002654788706129106,0.1679365318078002,0.0418766835672814,-0.1653989158539248,0.03300376669462429,0.1917525793855732
-0.1120799610367341,-0.01652328238419092,0.01820287277549918,0.07305967690825303,-0.1390857041623411,-0.1248122714003838,0.1352882877122238,-0.1112277700895683,-0.04398834238949739,-0.1032289076669673,-0.1830487894500103,-0.1876890575996679,-0.009519897097946517,0.04364896605494201,0.209067514184319,-0.1128059304876896,0.2047686040365658,0.06960877472640092,0.1921367003668224,-0.00236519841668236,-0.0339228131441448,0.08399066291686695,0.07261698417056617,-0.1244647706520369,-0.08002765536838632,-0.02949142918309643,-0.1997598779879655,-0.1590935740371087,-0.1457231008764883,0.1425351784789641,0.0423856617347896,-0.07860492334465397,-0.1341469218103703,0.1816267059626728,-0.01516195785981815,0.04767847175735872,-0.2006275617412853,0.2093514950948172,0.2161126078122775,-0.0826032051122399,0.2073366722654612,-0.1468307596895898,-0.06366972409035736,0.09581299553371707,-0.1143469234543695,0.09273711131094299,-0.1368203294348077,0.1560760961376269,-0.1707225286039998,-0.09300952403825212,-0.132798261489271,0.1770125152803143,-0.08162334012250026,0.205054306423907,-0.05611651083509868,-0.0475722723954134,-0.04328665614359983,-0.01827651802693451,0.05163129997681832,0.06757382346003973,-0.09328556680755547,0.03304328572269775,-0.1928718225264268,0.1172566527322015
-0.0810573868000028,-0.1786718376756004,0.01855823006611334,0.1381322282034875,-0.02741903693254027,-0.107656525008851,-0.1893747962243908,0.04474698184276205,-0.01101431089934597,-0.1617656381776124,-0.1103863062109535,0.1671898790339738,0.07934409314823895,0.2000057474760239,-0.03244678018656437,-0.1707617088341372,0.162369120108327,-0.09571667734414027,0.1560591184360328,0.1250943430238508,0.1306506719496062,0.2068467337178407,-0.1144594205082193,-0.1915348629098992,-0.0460936705609166,0.09741508634371146,-0.0004923674599222801,-0.1930878375446576,0.01906406784831023,0.1855610490701332,0.016033942468404,-0.067387519234359,0.2191928186071033,-0.01788695423808917,0.2013015217952543,0.1095279949004259,0.1232191282780728,-0.02099954887004286,0.1618499602007897,-0.06826074100295695,0.06585640121869234,-0.1716525064320486,-0.01557862318315503,-0.07974279300403009,-0.04797921014293881,-0.1134406991996511,-0.200305200289717,0.1817233164842659,-0.1226447296572858,0.09582343467417613,-0.1381036726583761,0.009998352727125411,-0.2114112420312811,0.02594662262668524,-0.002301832572341531,-0.003749063619557976,-0.02450397111581494,0.1935280257813771,-0.1858592044977558,-0.1605290388173221,-0.028665914872326,-0.1067773487276484,0.01215975725657719,-0.05364314721340372
-0.1873757964024125,-0.06584471731468282,-0.06021002046175728,0.01045122580473735,-0.1175506166815979,-0.1847715841073668,-0.2155414727055167,0.03689934552875207,-0.07675325264793083,0.1599316338490669,-0.1381381816699998,-0.1863894418515397,-0.06075724337279266,0.1749332272868341,-0.07260303761909943,0.1609590778357024,0.1219017828298414,0.1805705394327446,0.05899466261651921,-0.02050050194833408,0.06728066373325831,0.2169821689735678,-0.2154590981669764,-0.03582322260549546,0.1365503348142247,0.1875709382266194,0.1703109529363684,0.1999353900572714,-0.04401470482306472,-0.2195436672913504,0.08689523354901361,-0.1047790825602511,-0.09884843643002683,0.07431549846888538,-0.1357369307907614,-0.0180839097163683,0.03700634018409515,-0.1336226980087288,-0.07011714833783991,0.147528292115748,-2.551652310939581e-06,0.06224977949587192,0.1405695358919388,-0.1016402057019686,0.1142582166828676,0.1521852256991586,-0.01675822758012169,0.04572740238588194,-0.04900580457215386,0.1525135355598825,0.1618789466650683,-0.04695773304702212,-0.09591981255758403,-0.1820800186772159,-0.09334018522628534,0.1908019235908678,0.004261858867439192,-0.01008320514800794,0.007328602475194721,-0.04554410777811188,-0.09533461934713851,-0.1670574141630952,-0.1772319477677835,0.08508383556534582
0.1053341534999455,-0.1260972871419594,-0.1334881235413929,0.04559929604995797,0.1872790935935196,-0.2024333929309357,-0.06156922661349968,-0.09339635367281497,-0.08239339125149873,0.02867105901125311,0.03543939590183816,-0.1485614023274438,-0.04380764588097066,0.05913677556486219,0.05362910162634087,-0.1485916123288896,0.1477310533687353,-0.1306333994282855,0.1276934500114075,0.1779934710176585,-0.1687772517562582,-0.1297978303753788,0.01356652526539908,-0.04570853817559685,-0.07179937648171791,-0.1166693882311703,-0.02166906747026359,-0.06899736115392396,0.1652598954146415,0.1924836827034555,0.1493086277278376,-0.03245875191867655,0.04914085834264292,0.08403303879794367,-0.001324150354974548,0.1777954615483582,0.02382908664589942,-0.192024093666799,-0.08813552346549965,0.1156210940537123,0.05184298865784789,0.1339631632475024,0.1285576898560736,-0.01813191542230075,0.1200769603170864,-0.1777676561393888,0.1901891723991007,0.2023916535984265,0.1718459787037436,-0.1392881087031918,0.06381412093012202,0.02534644465656948,0.1546650061645543,0.08350722762335305,-0.1800789012507359,-0.1043741231933697,-0.00236240164758832,-0.1381989656169831,0.1751309256826066,-0.1999837373713443,-0.115882141860548,0.1704431808824804,-0.1468840121624582,-0.1302209220072364
0.1296893090411044,-0.01960244725357859,0.1069541936001866,0.2242732280301968,-0.1036136881774785,-0.06595254511333375,0.009432603060781556,-0.05330990755349646,0.1024509182355618,-0.1767301782565801,-0.1764882515192469,-0.003846962421410155,-0.08596595957620548,-0.1397745535379802,-0.07142203167231333,-0.02434191316174539,0.02082943623446878,-0.01785228798404716,0.1463648702311529,-0.1491611586269179,-0.09643861134482935,-0.01203577128167316,-0.06086963078213158,0.1189636249439533,-0.185531056263036,0.01573389979567853,0.1989855884161551,0.1751828440349336,0.105167566577224,0.1295828510997258,0.1651959908686374,-0.2140880199101197,0.08864130973224575,-0.02438512812881994,-0.08146640127939958,0.1481472548990566,0.09615559843281833,0.04015853794510223,-0.06585902299965175,-0.01292262880085002,-0.1871263194866016,0.07956954257723517,0.1909929126532303,0.06346272865261428,0.1667195257899374,-0.1575813304051049,0.1668709151834653,-0.06417749247320152,0.1541980191841193,0.07707194721848397,0.2058583042396353,-0.07260386711564425,-0.1412190095364589,0.2152487471399641,-0.2167480018741,0.07224497007038694,0.01859639215053077,0.1711700725645637,0.09949923673819147,-0.01095038379503927,0.03287934342652798,0.1721483648363683,0.01250351627254821,-0.19167963689049
0.03015435482117603,-0.02404886892981445,0.1339990350829442,-0.03920077098575299,0.08269773410446264,-0.2072298220398976,0.04241126316089892,-0.1597994287536741,0.2023446491740719,-0.002758315890266534,0.002030409255611657,0.04571365865932481,-0.07207564726610177,-0.1449772991495533,-0.1816729825357586,0.027078891538717,0.1614702610150981,-0.1116765196107359,0.09564724518606921,0.1831740962980628,0.1558011104937387,0.01775986005102031,-0.03334013787606083,-0.1434652663080438,0.0560283047036091,0.121547477176882,0.06075262022927232,-0.13157515226267,0.04134832800969246,0.09799582316043585,0.1876508343442346,0.1266270200290247,0.1455583390835536,0.0844154339406385,0.1653537554095285,-0.1886367813987088,0.1001305387244441,0.107959604379666,0.02463709153615237,-0.1452500556501145,-0.0109539438209087,0.05373586220968389,0.1539853586977744,0.1665199305391461,0.2103017150581824,0.1357573233509936,0.1713092270176253,0.1790408976117639,0.2104957410003325,-0.1021882327359247,0.1019043625095068,-0.1163519658735995,0.1512662265011998,0.2034039939559312,0.07647065506523838,0.1621816311625314,-0.113454865138713,-0.03681325713244294,0.02395359967500364,0.1457732991443134,-0.2050226683671617,0.01266182665765434,0.07623787096704553,0.005928662097250663
-0.1837125732086141,-0.1464623272664562,-0.0768077830481393,0.1791492383752346,0.1601332200251228,-0.01437454938841182,-0.19594679190971,0.2051264051171696,-0.0853892164604268,-0.103754471571556,-0.08385282863440635,0.1811838606052256,0.06026623378531501,0.01309865840125284,0.01675950923799951,-0.0905442591222592,0.1329094129647246,-0.1318655990884319,-0.06079148115147008,-0.05504618397004211,-0.1265300399806416,0.1394634892374747,0.03547684229515965,0.1023016119571207,0.1032599250894688,-0.08059179781636243,-0.1199916685351929,0.2081042719841004,0.01629781668371844,0.2092877548396788,0.0499038447944281,-0.2138951898271096,-0.06061677787495588,-0.1225109328397844,0.1825024842294641,0.1867777681265058,-0.01064921052309204,-0.1915701421873409,-0.2038756518641084,0.1485827277902206,-0.02130754353216244,-0.01202723171206668,-0.1721645940062199,0.07383678462865677,-0.1394611280698706,0.05555243805277175,0.0002341637432149966,-0.06246474264960376,0.06594849331934685,-0.1297043298096028,0.1106133384633707,0.02571093484497349,-0.1106324820116349,-0.06836585352224016,-0.1774348863500509,0.2078934462271906,-0.11086298186784,-0.05709888764461326,0.0996468952591727,0.1957474322677726,-0.07157275674968494,0.05713207422103272,-0.1432911161135347,0.1047680452561558
-0.001155469750511176,-0.1975179778258527,-0.1103884282219418,0.02397938423499995,-0.09675703813360842,0.001246708388487173,-0.101833234519484,0.01732083337519379,0.003804363989330337,-0.1934787605649852,0.002961322368305133,0.1467324740864219,-0.1474006566557126,0.131517096385306,-0.05683151391261635,0.1715985131367034,0.02387278762031663,-0.1852418003808159,-0.08208100149010984,0.2094598891669616,-0.09519955076756892,-0.1561863166751927,-0.07941609951136233,-0.1568744617765425,-0.1482514288805515,-0.08755840435587171,-0.1361574276096741,0.05635478932411577,0.1444613775557864,-0.02807200862415018,0.1489542425728382,0.204752018237773,0.02949939191943171,0.1851949249241001,0.04916293301059928,-0.1852231606834225,0.06990854472045482,0.2065630874151486,-0.1407545870642203,0.002398094043750323,-0.08248347974948204,-0.1454712269016868,-0.01477965431822384,0.09969284700233048,-0.1185181773771579,-0.1564797000688919,-0.09086906659518537,0.1594641346933436,-0.1461608176329232,0.08260188462450799,-0.06564508462136619,-0.0482141694083121,-0.1920445262288669,-0.04805505205362741,0.2124878336747202,0.1348818517024643,-0.02126807358767494,0.04104408312226803,0.2098873586527741,0.1119613846338571,0.09645635518983868,-0.09976953304841005,-0.1730394610466564,-0.1386707163491412
-0.1843356721212006,-0.04167370762927417,0.1328690760527908,-0.05414537926316332,0.01039815064354414,-0.163811905932023,-0.08636259062233734,0.1394684436693664,-0.2535417819020725,0.04727865937412763,0.06863447901350228,-0.1873076989885325,0.05849808757385721,0.05673613151697143,0.08874583855671599,0.1550242490517245,0.1895242744323983,-0.1495412300274875,0.2083470179241073,-0.02630242135093444,0.01940812218949167,-0.05609583807456494,-0.03995589161528428,-0.02998346198718084,0.107102721893444,-0.01705384654116454,-0.224866856215184,0.02036811055491447,0.001885993073810419,0.181882523571752,-0.06757345990791234,0.133401368833078,0.08689485484604922,0.119240347737663,0.1453412142795507,-0.1654113037796339,0.1123314981193536,-0.2379478535153393,0.1617610344793578,-0.01597002919324668,0.07888110889229283,-0.07535961542398933,-0.2050631534242729,-0.06806472925728729,-0.006259660512084531,0.2181403453223255,-0.01627388096639551,0.04168589923355721,0.0473782930787556,0.1043493080827387,-0.1655370446896078,-0.2458809052087363,-0.11670880870889,0.04482497105263322,-0.05227813701240621,0.1370599031330985,0.08945617644054736,0.09750971104108842,0.2203585439036348,0.06189721406081861,-0.1230993726808378,0.0007054569605064112,-0.1484689116328809,0.03981058207665317
0.08706130085623109,0.09623673891417532,0.1320942099155066,0.1082700740887793,-0.06484180261464169,0.1752335860909927,0.1404614825641789,0.08984317150065105,-0.07434068344069011,0.1311815020303051,-0.07722471008715112,0.2239810532716654,-0.1206043101625818,0.1395193685940287,-0.01705480431089373,-0.01808430171892925,0.05333893845095107,0.09456849921852625,0.0269010113319926,-0.04858931866272392,0.05754505563630445,-0.04233034172176602,0.01655903061806198,-0.1450766232326239,0.1753115437533587,0.04319770744974415,0.01172771221227137,-0.1864027698585288,-0.1754735787229212,0.02238017894868377,0.04452669453556689,-0.02050966717855035,-0.1896743572225239,-0.07161747322213376,0.02167039828795772,-0.1145720368959529,0.05689639666390842,-0.02767410820595259,-0.07973547130178341,0.173174102975191,0.1873411817501937,-0.2262672974200073,-0.1888694599141145,0.1726386392848837,-0.1708286090695254,-0.1161205790658494,-0.01153696800993615,0.02565925385045858,0.1619015576872619,-0.03731248402902517,0.1549905294412351,0.1710182231605716,-0.1524179421770521,-0.1868070392897899,0.02615889239056476,0.148234688197794,0.112311611731329,-0.1258134639788366,0.1889714368281388,-0.05637367475169256,0.1763904179464252,0.2089684046682368,-0.2087196577180672,0.04776379935039658
0.1272012474053285,-0.04160263904345266,-0.1181884643256815,0.1713894975000569,-0.1529263721863999,-0.1170495810563689,-0.05477114519896478,0.1952458497106916,-0.1148510638325259,0.1569763224425641,0.01009436194783309,-0.1932668707141507,-0.1594783648065218,-0.05936631812077366,-0.005099228844449679,-0.1983943214157344,-0.06601596909907262,0.1256215616303389,-0.03380527717704367,-0.1813840769480275,0.1043200648926469,-0.1989724433873362,0.11518243283032,0.09039529532786716,0.01619203581298776,-0.006970802013713192,-0.1959052673029549,0.1293626013128306,0.17226840026608,-0.1569258477157865,-0.1848926806640942,-0.07446120369604378,0.07213865219142007,0.1634138580887046,-0.09006972105968303,-0.05585662738378135,-0.1649812169825259,0.004829882361395296,-0.1066540339913148,-0.05468560130176565,0.1370531903676109,-0.1083857176936425,0.01086193409904028,0.08089648252931959,-0.04653025094686407,-0.02311942052918893,-0.1199517987987098,-0.2054504079215622,-0.09785991555328503,0.1817862453194224,-0.1750442956743972,0.04954393702656464,0.1959663499339325,-0.1611163118202316,0.05527030519146756,-0.1665616436657818,0.141060906100732,-0.06594110251317528,0.0327500939098569,0.03332585014571143,-0.204149439755892,0.08934210727876318,-0.1214840977567107,0.03294399861170615
-0.0630293951057707,-0.02933590771935815,-0.05368089720684491,-0.1988213380680119,-0.01742221240825263,0.2120236879440519,0.04544398851715346,-0.2136304694511726,0.2049970279004508,0.1048271716000612,0.05434898100785913,-0.05914474020689265,0.07045906230328725,0.1158677515990307,-0.1762200243474937,0.1772041907543325,0.106784594743841,-0.1761237207939072,0.2051781919533452,-0.008541999875240618,0.0760112959765155,0.08713796008347348,0.01581091996840488,-0.1537131937948084,0.08233798270863318,0.1392628342252215,0.181323705408584,-0.1491548790302575,-0.0133875489699381,0.184203656317464,0.08707941211813056,0.03406018377829799,0.1407624949796959,-0.1731550156107599,-0.1112767422107684,0.2083181776791468,-0.1847909403092352,0.03096869822581182,0.0276582357985326,0.04673357255385216,0.08966999961249519,0.08724422120397256,-0.1426859569842397,-0.1464619025586032,-0.02148395272568169,0.03085678133547384,0.06210472193404436,0.09722226271744723,0.06276712470937031,-0.09951255516445777,0.06015618852755835,-0.1487497387041964,0.1814239195860702,-0.04251872150828876,-0.1294068918844521,0.1531797357382177,-0.2101221399731786,-0.1493816560168624,0.157792641904447,-0.06357114400628688,0.01593495738183043,-0.0807101052358411,0.1528983994261881,0.1443382100047383
0.1489302600492939,0.004355305785627466,-0.1456958694671831,-0.1848802963116764,0.0957094116138567,-0.04491904151419915,-0.1054331369632334,-0.1942205127304602,0.1198642666071918,0.1882953385359975,-0.09462059567078385,0.1791936257533706,0.1128058501764149,-0.1419826670561591,-0.04220355482883235,-0.1194637479766806,0.09800736411716353,-0.02714623890481476,-0.02911112201045181,-0.08682293424049869,-0.1633429014411871,-0.169720926412951,0.1359704172048566,-0.06405434900356356,-0.1638281803045838,0.1327202401289061,0.1264648548262836,0.03732401667631798,0.2080920995874873,-0.002515376602158024,0.1372992957309756,0.1372278208638903,-0.1562911846056554,-0.05088451044499445,0.1398482044594262,0.1444518668280504,-0.1137739786060728,-0.05682270223094352,-0.06914697631195935,0.07608729030407249,-0.08280317718923649,0.057575507683633,-0.1855654696617798,-0.04457719656065824,0.1954025139125363,0.08130639070885257,0.1113639655698859,0.06932462889580333,0.06015483470084871,-0.1162548436440039,-0.1690046396268533,0.07061599945833555,0.1936178990034884,-0.1789419508670495,-0.06263076044598731,0.0848373494075603,-0.1851099876245175,-0.1356528074823242,-0.07497296637387266,-0.09344285289156193,-0.09453155522231925,0.1864175680267559,0.1698737171195545,0.119713994721147
-0.1129236166501642,-0.1810231786676742,0.07469167293115925,0.1684348841221937,-0.118766039576054,-0.0828165173620701,-0.1897728954753259,-0.05573671535962201,-0.05511033639411237,0.03015627357175893,0.09442739845283574,0.1594935064021817,0.08729085411155794,0.1219658217956467,0.1398842945256576,-0.1487359305410773,-0.185880293248374,-0.119156194229322,0.03996818389927291,-0.02433183254665914,-0.1065617716153216,-0.1471821822115955,0.2074889195935196,0.005687764987946855,0.1152678100986783,0.1915884139454506,0.07064932588308735,-0.08243506256174292,0.1996146238946434,0.003134274670492591,-0.02084972611859724,0.1497042075718521,-0.1794181855047945,0.01506356578719344,0.05198048611487064,-0.1590972097694023,-0.02194979370662567,0.1388789937638092,0.1672827981727473,0.01099078889445782,-0.1287544734844955,0.08070753188961433,0.2006555168968182,-0.122295516033847,-0.1262787129688509,-0.06266751223581096,0.130550513099472,0.05581900331718256,-0.1103719499683948,0.05298018530116911,0.00627957488150122,0.01713165582943758,0.05015501084959377,0.1857543367707796,-0.1146650552725045,0.1644697100560432,-0.1846055985791748,0.1922480831012901,0.125604651730887,-0.09153097520710693,-0.04723600678537153,0.1039578321975249,-0.2079170827808994,0.2000516495863479
0.06730772394764901,-0.2069387034380933,-0.0891176427923308,-0.09020023220572394,0.09669872951381896,0.04081321342779394,0.0616825754289956,-0.1333265660481664,0.1338101482388824,-0.1683907856670344,-0.01499839028481265,0.1159468919606633,0.1857394028321468,-0.04330400778865429,0.1818964873671632,0.1601118977291695,0.1632377369752008,0.06887306431589697,0.009119411222668752,0.1419305169761121,-0.1612065295541716,-0.2037377977082584,-0.1817093858554202,-0.04434847816752544,0.1025478535151027,0.01204366038182143,-0.06838082321139036,-0.1580506527190276,0.1957076696970198,-0.02337371705998889,0.05849959732071801,-0.1420417461831049,-0.1119736955102286,0.1564000546495843,-0.08202946149396505,0.1757265707465391,-0.1411166201783946,-0.001437019724666184,0.07089644516435759,-0.09669618487039017,0.01371093868854799,0.003515214495341808,-0.1995907490763223,-0.1803807063202212,-0.1611616259375407,-0.02313788687223998,0.1293399328843806,0.1430678318049007,0.06870977792262148,-0.1661900405297095,0.09564687763916951,0.09999959670915791,0.1325442407160076,-0.07197663653405967,-0.1047703195160779,0.07529733253559075,0.02587230262455324,0.1045232825141465,0.2062513162748927,-0.1981814247882667,0.1615212477273978,0.1522070860584678,-0.09391465316504881,-0.09098821539213497
-0.1582523667771669,0.05911645510362135,0.2212015841397683,-0.2024974451531768,0.002076047756460828,-0.1450853863279418,-0.02766500925236879,-0.0822546909708731,-0.1914352819938132,-0.06491594189490753,0.1326391304875756,-0.03024543912280006,0.147623979588927,0.1634392142564648,-0.110566059358877,-0.1955454377862441,0.1835772266046301,-0.2193049244614726,0.04898470971067898,-0.1683351531599231,0.1686365657302785,0.2084948544117687,-0.1522808357202196,0.1173709559729632,-0.1357105546744213,0.08532125905963023,-0.1530463759963197,-0.03666336501897013,0.06045193791551428,-0.006806952015029758,-0.1940164148651609,0.009977588885985832,-0.09904499669744204,0.04305314272522178,0.1585537709163833,-0.09492336063732733,0.1838492755370288,-0.02034333985231196,-0.1192150738372407,0.1243432498283335,0.06791776337506876,-0.02427961200849794,-0.2083036190651804,0.01214209918326992,0.03877636566659882,0.1115232144644389,0.1441076601964705,-0.02722852024203485,0.04085300398201312,0.0544013836402736,-0.1881570950275682,0.1369812601343994,0.07678284431458773,-0.1330167752104764,0.1095433401548374,-0.04794172088235214,0.1211156160812112,-0.0385201777700372,-0.2033126732611092,-0.1257531281208602,-0.07269819676553735,-0.07896615279633414,-0.009366503338565854,0.1000044180760104
0.08759349226267654,0.07072680599636243,0.04130318245647501,0.07159418668274861,0.153224563857896,-0.1172495548015341,0.04504671262018703,0.03024211061798409,0.2178344491942978,-0.1612234532234418,-0.1079203175825976,-0.162898329936677,0.187662079305804,0.03724242031776612,0.08834035891097869,0.08709497259159832,0.2051339038419977,0.02716100163981048,0.1794858515625621,0.1464636413296456,0.1317408952034866,-0.1157191361104799,-0.1471623780576576,0.174602153885603,-0.1837920226855419,-0.04429785021552399,-0.1098809031688956,-0.08347846788459186,-0.1343611931262494,0.101139494295904,0.1486927654632157,-0.05092795007816292,0.0680585501722276,0.03700666860434577,-0.050255150123069,-0.2189459978898327,-0.07273810005533381,-0.1971320846749574,0.1537828478883178,-0.07021171803273905,-0.0833092184159219,-0.08005243897412841,-0.2079085808544419,-0.08803124262043437,-0.1400603049128201,-0.1896231035444596,0.1482861638460744,-0.09772549054351901,-0.01512484788379048,0.03995706031956722,0.1574897115321211,-0.1372192470156697,0.1478078561728484,-0.2081193207010539,0.06618602395932448,-0.08502154903346543,-0.1746504847583411,0.110859608059942,-0.09300869318599704,0.07014416360512124,0.07971230852816506,0.01035943809650141,-0.04446512148425942,0.1562274076970685
0.1374572088041984,-0.01203078815924481,-0.04623612827656739,-0.1518422047414304,-0.106073531347655,-0.1325457109367453,-0.08367124574589715,-0.002593277333403766,-0.09238438694869697,0.2079748157067358,-0.05246258300066888,-0.1573839792891154,-0.1397613494174078,0.08403536934508893,-0.00556023452363161,-0.1675636384834597,-0.09628476631044421,-0.1789311649656675,-0.1318270818897592,0.04346785258696896,-0.04481789474399705,0.02458660477770207,0.1396648401596502,0.1877013012772902,0.04843288196147307,0.1207602094006035,-0.08420576383051739,0.2157132624247434,-0.01185067139676945,0.1200766765279858,0.06232854401137567,0.1711638997010399,-0.1532467550437957,-0.1905502184972636,-0.158223943309537,-0.1967215891183172,-0.06803527941141761,0.06971424909557049,0.1331792998729634,0.000885415434103127,-0.09572889099718744,-0.1202525582852496,-0.121800740360635,0.07757037560713742,-0.06350854873331885,-0.02743742633306957,0.1253952583973602,-0.1177978332024302,0.2096259574999003,-0.1010946512826361,0.1866737819269827,0.1253991950822154,0.03673167214560449,0.14390481065914,0.1495196156904968,-0.2030904199141093,-0.1084326179372448,-0.1402389652521103,0.0409859147936911,0.07365045381942426,0.1295137110953824,0.1497083102019394,0.2074224336608289,-0.1186291904803064
0.09686768165822914,0.08216936828599417,-0.0104306701356875,0.05957392960059415,-0.05228449869347333,-0.05325831859465781,0.06862926037502626,0.1715799311646431,-0.03799028739707618,-0.04172829702885215,0.1753417095709492,0.03455997331515157,-0.1694913825801067,-0.1351255520911284,0.1149415616546884,0.031903638510253,0.197814359337264,0.1928801733181962,0.1906771219719481,0.1418336305752648,0.1770484995619171,0.06315513525610141,0.1010073944772882,0.1482410843249962,0.07254259456585037,0.1874283059898511,-0.03948648593195581,0.06463658715636778,-0.1804595763768407,0.01832115374804975,0.1332759886101254,0.1583407365697487,0.1710930300764743,-0.07166408589054472,0.09469554241005776,-0.002623961663037971,-0.1347432203363736,-0.08470369325330918,0.103810212696319,0.06098728849271339,0.1676387135791292,0.1776262732813202,0.1155275160134817,0.02981412744666772,-0.1040146322740201,0.1862385193565486,-0.1592319981504776,-0.1993261521603418,-0.02551945755932797,0.1523679320937391,0.1653312971742278,0.07836690707351049,-0.1192571176192856,-0.1751263325077155,0.05232708554782937,0.2025807090794024,-0.1795874063307922,0.06304828808210287,-0.04959160409167836,0.1034675059032195,-0.1764444794676771,-0.02226331326624819,0.1775982286734039,0.04405501982503753
0.1415371483293483,-0.1109361807718904,0.09940643363285914,-0.1736249834790683,0.1288108599165443,-0.1449874449487557,-0.05444815489004763,-0.2209818072692027,0.1093391477430852,0.2037718961785059,0.1004086467382305,-0.2193384885754116,0.0456649614737628,-0.09931313633458852,0.04675290999066237,-0.03460896224228099,0.211919438466901,-0.2189237801631918,-0.1791270977538896,-0.1022424825392456,0.1746334088428822,-0.0484220048269744,0.1719703350315606,-0.1561837387282857,-0.1742539596881758,0.01556879589077487,0.1380833035159338,-0.0512332760313098,-0.1457549377628163,0.1701852247635487,-0.1124399881732633,-0.04746768947771709,-0.033277286071683,0.2168916962008819,0.06356963875627744,-0.04396037439570473,0.1581806704896728,0.06373046994779942,0.03554255441150969,0.04622437575001717,-0.05712412539376988,0.1030089717622749,-0.02800613380772487,-0.1624757498421872,-0.104851305383846,-0.04572876833822822,-0.04753955423683248,-0.03572037765791401,0.22320400377249,0.1572503724425949,-0.0754396189574415,-0.07363537634537168,0.06988599327930417,-0.2052753783689458,-0.008505823269764316,0.101079375349752,0.09664225329067372,-0.07072921475157107,-0.04344427144176324,0.1058080238599675,0.1001568205501532,-0.02398869785104524,-0.0243420841271305,0.2181652730100853
-0.1592652716637313,0.09178744818827678,0.0089554050978822,-0.1322193805076101,-0.1461676537410487,0.1270748797481518,-0.1160244548318145,0.1021816002791449,0.01575614266462537,0.1356351753824741,-0.05721607388864936,-0.1602629374137217,0.05897230751562835,0.1356707269553203,0.07876815291438856,-0.1756632309788789,-0.1639634809844646,-0.1147731942218747,-0.1397681022646155,0.1885212727626827,0.02341631421363804,-0.08302559104630867,0.004077826361207855,-0.1638993808475999,0.07382919508753467,0.05638028307718363,0.0307414127694852,0.08496924714009883,-0.1619205569192335,-0.1840100312575312,-0.07449054244399025,-0.185532924932397,-0.01222867912512936,0.1124725241456576,-0.08269046265096264,-0.1407589462203306,-0.1356527650176799,0.1911559937335202,0.1354335457735829,-0.04531903257194192,-0.1742162927516677,0.1620241759102523,0.06005547363672253,0.03033564766749954,0.1646233876784695,0.02062275564106709,0.1887693208021344,0.1826087285078667,-0.185626682557774,0.1912973961604985,-0.1504099562077117,-0.01179543667093286,0.05612147507126265,-0.0358087165981088,0.06909164656854073,0.02111288348796488,0.1545582321923882,-0.1433912370263497,-0.1318461810354188,0.1492806248408995,0.1048426312255767,0.1685272492725265,0.1842669767628698,-0.07004521393121582
0.01497798449406803,-0.1867059782113615,0.2089239493251516,-0.1790114702550576,0.1074051021061326,-0.001301302685904887,0.02594771017712241,-0.1420854210929734,-0.1766094355063053,-0.1086685370707819,0.1957431919349867,-0.01015970302406979,-0.03934951436296646,0.08018254630884786,-0.1636452914052177,-0.1603052999020601,-0.2225472995429476,0.141633666088013,-0.02469605284203854,0.2018001760864483,-0.1560591862631952,0.1500974106997064,-0.06102828931746392,-0.06702555816551216,-0.1730964541548294,-0.01933295874456387,-0.128407376027761,-0.1079029685012582,-0.04226751074347491,0.1282914764522378,0.1183554581001067,-0.1700674823477019,-0.1289401968277732,-0.01520893106097723,-0.08683579977790187,-0.01523449955712239,-0.04205453220116986,-0.1538204921812792,0.09524936061789564,-0.1286490317831193,0.01504182760973945,0.0429733883606821,0.0950225576562129,0.2203197827411931,-0.04457838552196504,0.2066016764903378,0.2119079016156151,0.04629161754597138,0.1941738872188273,-0.1568222457464288,-0.110646851604662,-0.08163286015236663,0.01160745192221939,0.0113573412976151,-0.1156376256563425,0.06202575242420942,0.03710076525389581,-0.0526405411285918,-0.1955693828980985,-0.04458180147319527,0.05474033526171768,-0.0377852336380794,0.1399857452908164,0.195920376553265
-0.1788039423857044,-0.1842250327949653,0.0005806043083653777,-0.120749042614462,-0.1609089086488988,0.1456738828388063,-0.1428484028284108,0.1427598186814292,-0.06295711635891307,0.0688827712269415,0.1448373348587094,0.1557121334247643,-0.002104149268601709,0.05171422459917142,-0.1277649713844036,-0.194416071673865,0.02660566962608309,-0.1579548659895852,0.07753201117792705,-0.1068385783165787,-0.127112219209689,-0.03610820213990311,0.1413968241628167,0.1193458081504856,0.01797705165605688,0.08364610372396396,0.1680977337392805,0.05888697449719694,0.04469088149390494,0.1482583670516787,-0.1559177003410317,-0.1426013765721363,-0.005416279933659611,0.1853431931190089,-0.0277019004233511,0.2002103906374707,0.1172308398515239,0.06249750187801688,-0.05943366497868104,-0.1949610650529476,-0.04735653333127121,-0.1230747451464919,0.1429205655143561,0.1009508123965079,-0.1638535026772517,0.1109620255229598,0.1634169887730614,-0.09928388322738954,-0.1687132488305647,0.02645564846403867,0.07980917124611511,0.1929292987715028,-0.06108958455106836,-0.04443342100488119,0.1443345429685202,0.1128244491989519,-0.1166128483592891,0.1908724709832741,-0.1741396073835523,-0.1469061029262202,0.1560738566164656,0.133980827058876,-0.005579289008802188,0.08499368744286372
0.04511820965512053,-0.1401810011744004,0.05179457258836691,-0.01042737760372637,-0.07676116808571595,0.04034137257027617,-0.1859194558469857,0.1420785957561271,-0.003811948159993095,-0.1735640283880295,-0.08714920715947813,-0.00536926964028395,-0.01871900199106395,-0.2097753785774727,-0.1629646602652735,-0.09045592465095062,-0.1820270687565233,0.07983830275586848,-0.1814133550159774,0.1854065948786595,-0.1807367694472465,-0.1859826160410114,0.1529087264020685,0.1434460623571421,0.02308706913498439,0.08611234589626851,0.1342294350008983,0.07517598722540893,-0.05123597548515705,-0.1884955859294005,-0.109409146556818,0.1408408594268509,0.1023421547441909,-0.1924224456845811,0.04553775320080188,0.0295362398066739,0.0462037240320152,-0.1463771352203617,-0.1188800278550534,-0.1810550390223892,-0.1954028617366204,-0.06859320989127532,-0.07606348779948184,-0.1173096990473838,0.002563278366201168,0.1499077308086959,-0.03922461417797353,-0.07562133093983785,-0.0007768779303380938,0.2076137310451334,0.0354650182084336,-0.02757169600579808,0.1707858269341211,0.1448670711520734,0.2049442513330209,0.02912528494792578,-0.1610698320220228,-0.06367052355878514,0.06120527996251939,-0.1926353871096721,0.1797087042841389,0.03788824943217805,0.107018483160944,0.1099583398943735
-0.01313303903167424,0.04268259670773328,0.07154469445736419,-0.1845745272861403,0.1399452776858293,0.06060616648238609,0.2064382358924306,-0.1967949150924739,-0.08829764602226496,0.1547271455890589,0.06714438923730899,-0.2050682890572184,0.08262855235673804,-0.04754153108027517,0.1158715226743123,-0.1330793676177207,-0.1091305962731862,-0.1578672648821013,-0.1417037539803798,0.1394723925730883,-0.2037543734077049,0.1592951649442882,0.05048892623630551,0.1853617368430449,0.1853855196704507,-0.1109502087779943,0.02467980101305133,0.01050594327535122,-0.06073043713876062,-0.1400038891825896,0.02890096927335815,0.1604025014579386,-0.08878013818470619,-0.01818106597066885,-0.01472294067023798,0.1922486652002182,-0.06959555325257284,0.05073845390457146,0.02573129868071488,-0.1903322180283045,0.02827759234591444,0.138252819567604,0.002067785090142868,0.05300038726779285,-0.1197104421223637,0.1567243294862658,0.08755979125199963,-0.1796716421593298,-0.08969836831361278,0.01611091436788233,-0.1532810778403123,-0.1132567558603127,0.1007306665976167,-0.06581531412624425,0.1807763241530889,-0.04796862434736854,0.09903539549806406,0.1577503384809326,-0.191557590197296,-0.1961472583632741,-0.1729451550166213,0.1726517985964917,-0.002018657045292523,0.07661376680793328
-0.1218560463751494,-0.01839721338667528,-0.2064919188526076,0.1859081689278682,0.1304514657034098,-0.1669877440265327,-0.0321807074774358,-0.0402407310121744,-0.05527937606418686,0.1716495708733961,-0.04502201590568564,0.08228965981183539,-0.06987887900393124,-0.06151448231719584,-0.1724809919364511,-0.07642744503833897,-0.02416461466687564,0.2012316287918981,-0.1509976353420317,-0.03526211718969545,-0.06981329973815886,0.06640450582726246,-0.03491920732581127,-0.09125158952556107,-0.08317931108667272,-0.03752857612756988,0.1569190886885764,-0.1200828454463345,0.02146530955453584,-0.1519737960374651,0.09785512235330134,0.08208312987026165,-0.07755034397748846,-0.2027050978892105,-0.2120590826592517,-0.1011688711086072,0.05662870443048433,0.2181240825492436,0.09442431931508888,-0.01422274790301931,0.2107953020350685,0.02410429472070651,0.1760933186107284,0.1428964396267773,-0.1213499370662083,0.2114482138560279,-0.2042175038029435,0.1020564595916653,0.0708658349326068,0.1516219131386968,0.1530546557793171,-0.1876032772184753,-0.01921881168670761,0.01138772511154908,0.1852207056191969,0.02469943440023315,0.193528752939558,-0.1709384117273016,-0.02482267568736512,-0.08258725301488699,-0.03849120256364716,0.09406879891187382,0.1105725115234817,0.1317241996322149
-0.02796960602245164,0.08755941985014075,0.07113510058605213,0.1221894288905128,-0.1796734010029699,0.02437480650484159,-0.09773211039945999,-0.0493506775902595,-0.07315137986154301,0.05261759373137859,0.01616889307138487,-0.008319197343087663,-0.007317665679792832,0.1304846569357725,0.05365322766319077,-0.01835694228120094,-0.1762073984518621,0.2297324094539697,-0.2217957558039028,0.07045587155548169,0.08850107544789315,-0.05502553479384482,-0.05379077261960009,-0.2297349933021709,0.1129072834765604,-0.01040787915952953,-0.0612706133701113,0.1301513519582371,0.05628947440186623,0.2116793200510773,-0.04775408569546497,0.03577055715721884,-0.01794638512469216,0.1068803670500326,0.2217297536115466,-0.194379584501249,-0.09513195624256862,0.1223529130298952,0.227293026617538,0.2172501736186718,0.02519488128260044,0.07578039455875635,0.2112889969772878,0.02364928630155851,-0.1559870126575926,-0.03923904314994504,0.1743525600102838,-0.1576563437237506,-0.0002701794198110301,-0.2120653768262696,-0.06788973081559317,0.2072889747324791,-0.1187517757621808,0.2009116157055517,0.09629100338714977,0.1248810334691603,0.03405802385559695,-0.2135912555982666,0.1229665959369017,0.06929428039372754,-0.1078723540552037,0.06600493947859132,-0.03066002163082467,-0.05251253555688316
0.08722143395411,-0.0327288874209415,0.1901605970782295,0.0757746275902626,-0.01867793294922187,0.1078113792388289,0.09113254775505175,0.09873678376491625,0.07178260200106845,-0.09655159375859849,0.1868243457298507,0.1750955962165775,0.123869283516093,-0.0295014953460061,0.08651225271171288,0.1320070098108334,-0.1720792996057625,0.0786070629753239,0.1555565725680791,-0.003506773878796055,-0.1999952701837218,0.03802153626188376,0.1227874214303596,-0.1644837761496548,-0.1990451428286997,0.1930877983103813,0.08633334972516822,0.1047577791431394,0.0457084921263172,0.02537508708887014,-0.09706626847166716,-0.0885266183880541,-0.1827944281373714,0.1847506363822506,-0.06587057858475413,0.1517951544539562,0.1410542691630507,-0.03313084040588639,-0.05324562175214669,0.194202633240836,0.0864417936131127,-0.1725886957443128,0.0691629867429958,0.1580330058915947,-0.1287958519634712,-0.1805074057190043,0.1649546837737965,0.1241877933923961,0.1202427162991303,0.116480245555683,0.07635448667814014,-0.194623893872627,-0.03312234776731061,0.109102414603535,-0.2125604635054226,-0.1013384923470415,-0.02608880187804503,-0.006995082576893519,0.04587833958835467,-0.1917925389633531,-0.01643527442929238,0.1947832124955155,0.07560289569404151,-0.05985661427081404
-0.1694611442661958,-0.1674850551261114,0.1211488847096985,-0.01351880163713663,-0.00654937322598571,0.1224696705001639,-0.02783740423912934,-0.08596587033710688,0.09121001753295084,-0.03100346879647999,-0.1357100846768046,0.131166900318621,0.1201656918182779,0.157847733852414,0.187836954905717,0.203520282274385,-0.1851246513851731,0.1242137916913055,-0.03118375109802331,0.1080752579216234,-0.1128995532385054,-0.01342221689054555,-0.1083511372617728,0.159850595477758,0.09531365445014132,-0.1243886836840284,0.08516131818202083,-0.1466900750909636,-0.04234909240953329,-0.1002445411352975,0.09029257255650387,-0.1785818225715803,-0.1086736811099059,0.06723232650775675,0.1599708315606702,0.1630014925679024,0.1184188549917168,0.1514646346766875,0.09738317974704441,0.1804087441675116,-0.1643974280653456,-0.009887139472561791,-0.04106199123911099,0.1900541371897907,-0.07809789119279884,0.02784282177551569,-0.03562439853432935,0.09358048493353936,0.1545307133796406,0.1434894452913352,0.004197086155971292,-0.09423669616113252,-0.1645725537721504,0.1768153876573512,0.2013843725417307,0.1694898985143821,0.1244398225862577,0.08703938012981265,0.005635645104140907,-0.1949017800069706,0.1555164701975515,0.1051388487483631,-0.04283094603351276,0.1458918174285521
0.03252305248762136,-0.1178999416972204,-0.1928011383483181,0.1512625067316859,-0.04024189423694276,0.01910689594317047,0.02705363450732489,-0.1686503063220958,0.1394139725176338,0.1613473317937207,0.1544662468427968,0.06861293156000488,0.189050478267769,0.11583832348011,0.0237007034249169,0.103075752378076,-0.1760323109231642,-0.1539152268554015,-0.01591277271169906,-0.08984456221778438,-0.03160830220964327,-0.2026922156537159,0.202396545905083,0.0786670903625159,-0.03767071038610034,0.005494435724420692,-0.07857673695774155,-0.07073586409728606,0.009492546978326874,-0.04498605995808699,0.1497143057572686,-0.1468393274086469,-0.1364486036227347,-0.02793098276687,-0.01606740170240348,0.004092326691206041,0.204327601806055,0.001535258352217007,-0.157540411805875,-0.07585457702269961,-0.1197774222088735,-0.03769127346940937,0.1534813358806529,0.1027153204291025,0.06654667024760529,-0.05290434417069453,-0.1633710454582951,0.00473692669365837,0.1589756633119375,0.1274033724716969,-0.08739586111439075,0.09628162529639168,0.1984839444313211,0.1097983141568765,0.06513321131358431,0.1363310423944656,-0.05466248594280825,0.2382083497819782,0.06742960074337444,-0.2295548185594123,-0.1474597840659178,0.2286812207322308,-0.05379238804950417,0.2255555821273688
0.04678503824773044,0.2005272870013469,-0.1463896340795358,-0.04017538211214071,0.04699305200903561,-0.1521964847701987,0.06413029939530597,-0.1581248320375306,-0.04054232364528213,0.009758043032525423,-0.173868258580255,0.1250753040274228,-0.02777973153221493,0.09583784787315798,-0.1315083592188148,-0.07858162276431677,0.08862656094343221,-0.1084736379757881,-0.1304980491625359,0.1906273064537558,-0.01560674400851856,0.1255008808936576,-0.1821091589484622,0.1999814226059777,0.001208111015502152,-0.1717155378916365,0.04521268792942673,0.05020804669025314,-0.1710587239323525,0.1980675490159167,0.1361894236165443,-0.03367147358997852,-0.1987155385361533,-0.1276481610995971,-0.03753407419675175,-0.1535762834016678,0.002903820452276372,0.1558990390742775,-0.02835075427882645,0.05688269849453031,0.1756168851204091,0.1527366440117015,-0.03732241561123657,0.0870054895883379,0.1315671788216109,-0.1612033156195686,-0.1401939727072752,-0.1342825783653318,-0.1251149024644947,-0.204448299318579,-0.001052839149878476,0.1934517599934262,-0.003301943886237948,-0.01725648658542855,0.07716815313128128,-0.1627308044716408,0.1124742028153951,0.1951831997453838,0.1419648559871118,-0.0705160464261021,-0.1306401360323422,-0.1347473296686458,0.07063097410425488,0.1419274929583536
0.02320099573819504,0.1087632665425461,0.1527207420287834,0.171950742218612,0.2059862661304782,-0.1848067898336678,0.0847370133162679,-0.1472069487746589,0.1956156504278097,0.08974428313873817,-0.01394789450745812,0.08635189493845016,0.2023491344334674,0.05874830778529481,0.000552729913319686,0.1783439278645141,0.05063973829867021,-0.2198420963429183,-0.170962739675303,-0.1204666043673636,0.04413997677273675,-0.1381082079868733,0.1641202807794333,-0.03587138049268618,-0.1844646836281133,0.1376288007785382,0.1970090683793832,0.1125385171524648,0.08803689330106351,-0.1066002356888644,0.02028314443880911,-0.1731080747443752,-0.05725775099135356,-0.1918135430097415,0.1057916640581607,-0.133583416984279,0.09278210473160547,-0.1130760254304524,0.134859345567871,-0.1734227756754178,0.03224398352751396,0.05758504538241607,0.03863633622881805,0.1446442823761238,-0.01252640821800254,0.1151719219068903,0.07069581133211773,0.06336106880291957,0.09483137611823041,0.1902822466983227,0.08305408496114867,0.06220717428264628,-0.00708186990064109,-0.1260511175211847,0.1232864553612557,0.05605846354633235,0.01065576192061156,-0.1049851876058964,-0.03760057206851243,0.1479755189974516,-0.06236234652339617,0.09007408805351073,0.2099012819404918,0.1938923153870529
-0.007823902490434284,-0.1979619032926681,-0.09555872227618734,-0.08326820429365028,-0.1991347588065239,-0.01304462319805232,0.06727682328129807,0.06012638908826711,-0.1760450679631687,0.02374255715821395,-0.1845581889849723,-0.1245978071065502,0.1762082392862199,-0.034894968976174,0.006880418580804473,0.153779244722937,-0.06115770724086793,-0.04307318771442994,-0.1924828401525189,-0.1092086821718958,0.1976683480547344,0.1300249465166255,-0.1272138565023382,-0.03487982944158374,-0.09894277636118987,0.09630434539941336,0.152909499476023,-0.01675440253541107,0.1704207996475944,0.1427532988273241,-0.01105259525417865,0.09433318955329739,0.1763057452224655,-0.08922481320910822,0.03392854925119412,-0.1280098986397513,-0.01732161908942181,0.1825013316405768,0.1262713018231979,0.1450643871672959,-0.0333965069587079,-0.1528474504857606,0.01482871914088991,-0.1000557069020284,-0.1237293773133359,0.01558026604783206,0.1698599531749472,0.04813951019476265,-0.1595003285988999,0.001177816912146395,0.1888474601782974,-0.07048315551633696,0.1489350209245242,-0.1876500674117174,0.1852723481007869,-0.1651961599313476,-0.08285661781466645,0.05897832335561453,-0.07187065736225415,-0.1741245372338149,-0.08771788565780016,0.1057476098138663,0.2010165572787789,0.1898597814210678
0.016018020166435,-0.01469165019653935,0.1161371044379746,0.1347676290457202,0.04235488124027142,0.2309167897280625,-0.002414222488835028,0.02933424995356991,-0.2122773970436371,-0.1753645585246202,-0.0735877663757198,-0.2293491923390326,-0.2287853060780984,-0.05267566911734575,0.1532699611550395,-0.029588802502642,-0.1090938687054343,-0.2055428044553409,0.09492865595773055,0.1598535077318978,-0.00645568236321014,0.04852776271422145,0.01230936548080406,0.0900865815830023,0.06083143679266687,0.1303509471901654,-0.01278118385064818,0.1685109183921785,0.08672806495715447,0.1494132761366083,0.08024603639395098,0.01083612085810745,0.1676367741290909,-0.1328463135164045,-0.1240329456158266,-0.1692459765438863,-0.1237957328854056,0.1209585634099443,-0.0007444767868044063,-0.04717776082758215,-0.05837152313438039,0.1579965925942161,-0.09253085613232448,0.09569966502485755,0.1993613064896063,0.1222789420886454,0.1852613922557934,-0.02718976023478119,0.1861269982159965,0.2233025002226146,0.04928740566049138,-0.2056436850110329,-0.01930264515657659,-0.0586900765272329,0.1417721612905994,0.07461522025453923,0.1386320983627899,0.1702253600750457,0.03906327832560414,-0.1617964613464558,-0.03173365550851828,-0.07764727350869099,0.1366842124933257,-0.01210909199479808
-0.03129439023455905,0.09999585757081053,-0.1540802081052512,-0.1355731689517749,-0.0732641359009695,-0.08320215538898459,0.02483631454070669,0.06426341153111417,0.07016756932520526,-0.0102739925171169,0.1587797360168674,-0.005585986988048537,0.09601251430661317,-0.1818308605229274,0.1982095783283456,0.04341615326493165,-0.05201930454840605,-0.1673347190000274,-0.09769407368098569,0.1422513480310747,-0.03873097361845572,-0.1865652645167466,0.167010782778445,-0.03187549085216809,0.1520210052661737,0.148927374503145,-0.0597297916418256,-0.0841239705193462,-0.04503210932433948,-0.1966126983202724,0.08512618467494469,0.1408661900991134,-0.1228562248974253,0.1667355037092092,0.1525924166541106,0.1773189480114556,-0.1510697135862911,0.02214884051613583,0.03446372882022156,0.1321769759682367,0.2027093371760039,-0.1467319675736986,0.07460044653631787,0.1924558533573555,-0.1781855193196878,0.07507502822014117,0.01963094538628316,0.1260264066625326,0.1284761785442955,0.1208005862939809,-0.0114020739478762,0.1158681024624642,-0.183352339055123,-0.1042324353657463,-0.05723109802277214,-0.1996541878440523,-0.1188357336400819,0.2074540115884164,0.1305153107536714,-0.09612328992204087,0.1892707282165103,0.06388886262230252,-0.1088136450509663,-0.07017295921255612
0.1167008463395508,0.0147605210134604,-0.02940497644338559,0.1397686851702177,-0.08340391549126945,0.1852510819607633,0.1858045474670282,-0.0387837943887191,-0.1677876747441727,-0.2171175789173521,-0.1796107811773052,-0.1207119630750593,-0.1603629119383659,-0.0786100901773545,-0.0413539668657251,-0.007467554187270989,-0.1043392748662623,-0.04048766727760885,0.1961258298225467,0.09114328435128324,0.09496596226165135,-0.0775973262886068,-0.04673848795171347,-0.1046676360685998,0.1899391385822585,0.2196962609288993,-0.1163427697201288,0.157754230954703,0.1653235496278873,0.1364193913773797,0.09918091461580449,0.05386405450037216,0.2097797005446237,0.08772000047347897,-0.01647528510737535,0.09035238622224592,0.06078141401362057,0.04477499872966558,0.1609111097876487,-0.1222856450596899,-0.1296524077826686,0.05411483221821953,-0.1160044157969734,-0.08303918338172322,0.1590788124546536,-0.2247019756229781,-0.01712253951501022,-0.05073644426158314,-0.07138939736772489,-0.05866148748892933,-0.09597614934733234,0.07902273195183136,-0.05728412347332462,0.1740212480111342,0.07440680687877503,-0.1908864934392259,-0.03196485177338016,-0.13933089107156,-0.0694824814815429,0.1141256382497559,-0.2233494211214266,-0.1565647274791024,0.1332926474259448,0.1235770411778148
0.1018974011685288,0.09922388995926083,0.0699835660430989,-0.1561393937266984,0.1721390871219171,0.133750006037656,0.1499453575121248,0.0232567314424579,-0.1358261738705142,0.1845230217795527,-0.1376177629493504,-0.02596124838435451,-0.1996815367443173,0.1542440285027092,0.2310190706155039,0.01646625473649329,0.1348188035575044,-0.07217393728853259,-0.09923181566673464,-0.1429193430540994,-2.284475941278716e-05,0.06519156587217309,0.1967266678054912,0.1907583905546165,0.1248564233928608,-0.1315787766428563,0.03724677408958952,-0.1089593820722167,0.0166067378649284,-0.02607755282105944,-0.06136734585213387,-0.06192176040759111,0.07552167809703497,0.04212319230838783,-0.1773481994564247,-0.06896584303686253,0.227481382207206,0.08039048690628318,-0.02412138666608384,-0.005867179999907207,0.09910052899693113,0.1519473028304491,-0.1960366822652411,-0.1648080407150938,0.04981223982849361,-0.132619678986013,-0.07038556942455015,0.2114619745669841,0.01668746408375134,0.009759282409335957,-0.053717982761696,-0.2111845865639776,0.08820995840987303,0.01296398006441013,-0.1408450327097133,-0.04239712494589291,0.220546063658686,0.04668964205463186,0.1476586083244859,0.1863676460929772,0.1105503205700946,-0.02887478904626595,0.1176854193818386,0.151023187441874
0.0536167475636232,-0.1763835804394786,-0.03309209259344659,-0.1026967883084547,0.191477593030622,-0.1480110477156802,-0.1931264410512744,-0.02315711262029852,0.01055011097242597,0.0832447845173984,0.0486993731845116,-0.1756487373164908,0.1022654663056495,0.1701782862026324,-0.1715107320239717,-0.1721483488903154,0.07507945024717851,-0.135435069553522,-0.1019875221841049,0.05971053442020943,0.08176358871922267,-0.1439449151080644,-0.115902672780322,-0.1993131058875632,0.1294801032805939,-0.1382862850172599,0.0610699238871442,0.1886911008228136,-0.1222226650417131,0.01654972385142044,-0.1479767301213151,0.1177497664419944,0.1544122710368719,0.1288697807038807,-0.1812868862999262,0.1555993149386175,0.1147107353863488,-0.1696560018026704,-0.04179507678101021,0.1437458164122409,0.06365318270536824,0.05437085921326519,0.1487507783063671,-0.02467985632569048,-0.002234984609846052,-0.1297301920637321,0.07960420084409243,0.1759482573362637,0.06714424287356451,0.07191511699158634,0.1387385311665691,0.1063237597124594,-0.1871247401979909,-0.1416864283625712,-0.08777187533223595,-0.04223793263565991,-0.1013314266009285,0.01183871504188767,0.160495417300793,-0.1895608676047271,0.0009751789271334843,-0.1264842033551964,-0.1502430804765605,0.1280801832824786
0.1439277160470529,0.1409000800451134,0.04810024114799288,0.07089300186233292,0.01372739086351297,-0.04861486501711453,0.04072239672063479,-0.03646455427535032,0.1746724137688017,-0.1769536986527144,-0.06451497122553773,-0.1003148843320322,-0.03927239227202436,-0.0007765363447231929,-0.1828123917092751,0.03129561901998321,0.1505529986519777,0.1948659620978647,-0.03340584167732354,0.03366195181309511,0.1493483310275361,0.2041471841877787,-0.202568606080212,0.07615302869692452,0.09159812822509114,0.2068109207705264,0.1232804576456555,-0.004326743012721446,-0.03458326364653278,-0.1483854496934244,-0.02931757438896442,-0.1615432916505245,-0.07525850666154504,0.1618211104445895,-0.1322042905731559,-0.04920588095008468,0.0788109632206038,-0.0992795362822983,0.1427190437689854,0.138359426932944,0.1483688913147915,0.1616708598045493,0.2063549964297626,0.1192291940117878,0.07918392755884728,-0.1016765022135492,-0.191454040989608,0.04955545814275845,0.1245101200481193,0.04058713103519686,-0.02993210112089156,0.1350983039675819,0.1521689198120703,-0.1598711042907839,0.2005045702052602,-0.09945056881518885,-0.1989157239797408,-0.1367874704557173,-0.09005279167365675,-0.005050484497685511,-0.0218588054503696,-0.2054702933159452,-0.1322847054105856,0.1298128589869533
-0.07341050468474716,-0.0837970077065008,-0.04599043062828821,-0.1272296591587477,-0.1948930691364934,0.1679471434009289,0.06128969530243155,-0.1323647584022978,-0.172640152719695,-0.1009168309969251,-0.1966962992507255,-0.1988177732356249,0.08568005417788095,-0.02520491651430808,-0.1264534283413847,-0.1698212555264184,0.1388494585940343,0.07796178380676085,0.048707802441764,-0.1103832829709416,0.1493815552163129,0.1795938069794299,0.1421783445474586,0.06022299575294151,0.08047374378776406,-0.2058464410693007,0.04872625201871708,-0.08974423760804738,-0.1636683372889743,-0.07442243321776684,0.01474708273951386,0.1932778510289939,0.05920707234039307,-0.07267105651328327,0.0006093624981548765,0.06031199611383429,-0.0172173151242258,0.03942080340253756,-0.1080008616768193,0.08347031936440537,0.1871404366050751,0.09590405222360252,-0.1716829021154611,-0.1898385875454968,-0.2048790940277926,-0.0259772852479315,-0.1555328632825463,-0.09565572933100927,0.1104652199509205,0.1026745205525904,-0.1071684924419491,0.06754970104245993,-0.1033087974707665,-0.1557707362053749,-0.1003101572674792,0.2074052296279613,0.02420556454348232,0.01358762393522034,0.1393410048709332,0.09565124120965003,-0.1093792269548021,-0.1128133303580965,0.1751125673300493,0.1929092759348421
0.01416672947471846,0.1657856320125705,0.1905471187206543,0.08817189816552921,0.03986667616723061,0.1868447649145616,0.05206184996273526,-0.1900289230146034,-0.06271087926763426,-0.1677556757992997,-0.0841059553623907,0.04509144131434127,-0.07881196835528141,0.1879864759930424,0.07791858588606813,0.03518162821916555,-0.1331309324006136,0.1316717362467742,-0.07785353565480414,-0.06065792720526979,0.02522968431935397,-0.05867507558717313,0.004172214225916163,-0.03954141734902984,0.1284455439182365,0.1780275371903957,0.05331031833052166,-0.1600327359888942,0.1852787354067044,0.06099685536279775,-0.005998966980069714,-0.140853724099101,-0.02182847210427268,0.1731345568723175,0.002360713207654298,0.04828680704101589,-0.124296251823367,0.1673072446842042,-0.01818921887117018,-0.1642475934242362,0.0235023759871159,-0.02684844585263659,-0.1033262002079279,-0.1588986751447751,-0.1548453729336898,-0.1543928205839981,-0.2074326701173797,-0.08028671969427799,-0.1217990874121363,-0.0851776852751896,0.1870152659279068,0.1866566385194429,0.2001704348666328,0.1861979356290878,-0.06759090125940428,-0.14540495185276,-0.2010962409528463,-0.04840470861541108,-0.1074901637585615,0.002734666227421386,0.1445686989015147,0.1967295597130052,-0.1947837348652505,-0.03309882824316518
-0.06656105363300725,-0.007769884487977524,0.1227505139522438,0.1678721456316373,-0.02620539919880793,-0.1426889054375078,0.07194479578567836,-0.1446060797799237,-0.01102794355262011,0.01123289489568567,0.1376846206935055,-0.09796431111975934,-0.09043814424945942,0.08448950663540129,-0.1064433113999409,-0.06130867463513034,0.1248080293266979,0.1331471935178483,-0.05754596598975554,0.03059517811837765,0.0529404619729763,0.2045732346894527,-0.1724146588263976,-0.09462834419578443,0.1128240712001166,0.2084116139053735,-0.0661370461017477,0.02364319184052353,0.1944128760129547,0.1989043679788612,0.1862416053436805,-0.04314832241878109,-0.2087351907902823,-0.2120450191879361,0.008646634460689884,-0.218765851156071,0.1875329764279669,0.113849736785135,0.205496994314899,0.0948213797083956,-0.1066148455216551,0.0180240010682333,0.01138608349150924,0.1619109199407846,-0.1912839302005706,0.1907722912197848,-0.140978922151581,-0.004305169724400263,0.1747347432530311,0.0005512838315017681,-0.05906450985774554,-0.03137407240163165,-0.09917886269828964,-0.02150000294206939,-0.1040512168135178,-0.1858821802819033,0.1206489681995297,0.08919543998656812,0.07542504016342549,0.02714455131840574,0.05743678270527646,-0.2145867031142278,0.1326815231776065,0.009433304883654703
0.1268046138733546,-0.09556508515891309,0.08430126442111817,0.09516547964991703,-0.2282141006212649,-0.2151991220512964,-0.03289652889855749,-0.1521003520390549,-0.03912957338854627,0.01682249570572662,0.09526793163269914,0.1246040003217248,0.1298619180210551,0.1281767612575659,-0.0548159088003556,0.09090079824518281,0.1737185578106975,0.1048646166145365,-0.08544773373739444,0.0522429974476139,0.04821396734871852,0.1470096445770506,-0.1176574303615858,0.08763146527282553,-0.09778905345172587,0.1567433903099882,0.09336277487732025,-0.151873815050218,-0.0241271891307127,0.1270334478506784,-0.07938108845405155,-0.1377915556847796,0.1761808636102256,0.2263457184645411,-0.1487766505054024,0.07236512963871636,0.01872538110394786,0.0001034317296488285,0.1484494461355743,-0.2038314759617802,0.1650102794554748,0.1192553276561151,0.07451461049563723,-0.1509751122422598,0.1190047899912342,-0.2131088646986795,0.03496782222359625,0.00958848540929382,0.1834276852884287,0.06557414687808753,0.1395553609672895,0.2311929827693941,0.2324532116662904,-0.1001909503038896,-0.05436078466840592,-0.02746744413494513,-0.00172810072921718,-0.1103386718966548,-0.123382942595409,-0.1128262103681463,0.0671696201524947,-0.1898985697746585,0.03941381353057586,-0.01301080795986847
0.07125827438122401,0.02761598598847919,0.01606896787183439,-0.1793103992996427,-0.05081742325766799,0.1316392026284805,-0.09588879551032314,-0.2046629333483956,0.2057521840091055,0.01902439294729155,0.04770126749249957,0.2123934697006187,0.1137976874312901,-0.20137744520883,-0.05662453415429018,-0.03693520996118411,0.03970118701818464,-0.08925366638115938,0.2049427175713756,0.0469529152715687,0.219669902890185,0.1875499315770705,0.2043174475949083,0.174132235410818,0.1510299963417187,-0.09839829797389744,-0.2083123353905738,-0.02601831130855762,0.03045740921891493,0.1112469091540643,0.02234081374157645,0.1165534421105952,-0.07377912327573061,-0.1016797708990025,-0.0456958863670426,-0.02159391877327173,0.05836676705088117,0.02473811113645307,0.003944747347303084,0.1400323803135556,-0.1278979629740316,-0.09941568326947707,-0.06417095013751041,0.2004613573314774,0.08614294006904155,0.2113942710389497,0.1379415600554411,-0.1608603101848123,-0.05848140455111276,-0.1387580491095281,0.03600522281263357,-0.08422279236620316,-0.1740647054440909,-0.05048980937063673,0.008229582565991985,-0.1123927681961624,-0.002902785846044796,0.04661051257916288,0.1723368663544444,0.1906292870957497,0.1255394341238558,-0.1936070932900233,-0.1535435572551954,0.05014329911617808
-0.1396100761594361,0.2059021383007627,0.05663510814137707,-0.09565791670402421,0.02368158241109014,-0.183978263613602,-0.1706655901107594,0.1020605897774167,0.1446266467352648,0.02816563724881135,0.1557894659106283,0.1676838238027197,0.1978311036556008,0.1723470879470545,-0.005565705027464548,-0.02789317305216995,0.07809911712685941,0.1159991574468015,-0.01591874798137292,-0.1259235338042949,-0.1008928070302774,0.1757511288152502,-0.1037893059638493,-0.1599395296641485,0.1319924430547954,-0.183394397374508,0.1817629639429186,0.1674172698141188,-0.06320049527484806,-0.1224795091678228,0.07042430972850941,-0.02548592574416277,0.06466183465524011,0.1648246512974355,0.01549652522435121,-0.1425446383179552,-0.01939064350712265,-0.04792972776123626,-0.01531226234795552,-0.1837348212661706,0.06709441996755547,-0.1831041942707645,0.1710934061752115,0.1116736947252875,-0.01231271758710333,0.0680773192128029,0.1139977715350455,-0.0489287639939547,0.1693631839181768,0.1206840554466018,0.1824076386642791,0.1053917114921668,-0.1164810618097934,0.1433197648203707,0.05938813397016481,-0.1807088355447855,-0.1421334135976779,-0.1436682074268517,0.2019402071636175,0.0574617776394651,-0.123325232101677,-0.003563141397877702,0.1192372315904245,-0.01699890781417333
-0.02699046728061856,0.2239866062467161,-0.05965687713398823,0.1455490770787966,-0.1399713757093544,0.1174210685484267,-0.01602774784114844,0.02836268188786465,0.1686408558520375,0.02902096306297098,-0.0314382528214073,-0.005465442772467573,-0.06599449487756147,0.1383616871628173,0.2080179279946721,-0.1555093134587252,-0.1281524637696685,-0.1309069829812788,0.01717172472541457,0.04667587206405883,-0.1836267014754523,0.1368312128056197,0.07619312348735469,0.04004039938813961,-0.2203966051182187,-0.001816491654707271,0.0738189358156769,-0.1307101148317571,-0.03100363714889677,-0.1496357233916358,0.1916455524748919,-0.1285533558876939,-0.2112173664319046,-0.05317184978585486,0.09229418510415639,0.2107642620016429,-0.02968270752837584,0.06229252087234269,0.04645970609536707,0.09591523823873623,0.05310050418773409,0.01375593481627235,0.115425152176839,0.06434551047891574,0.1071613275589943,-0.0668333789472854,0.2092672523326683,-0.147855345037401,-0.03707525530608739,0.0746080561656577,0.2162712271575722,-0.2084752606415446,-0.1253488124571367,-0.1393671705423658,-0.1867611054848353,-0.1735915939465335,-0.07997451355313881,0.04699269277945599,0.04572134408788207,-0.1519517427946689,0.115911382281474,-0.1213486377170113,0.06956375743395268,0.2108082501869595
0.1418566832114957,-0.05273717265888687,-0.05550348630538198,-0.1631287942255599,-0.2057275389875314,-0.05250101934657647,-0.2014232457822464,0.007072874575958268,0.1816958106505839,0.1314474178481573,0.1914071558156998,0.07510626884893229,-0.06561708447140915,-0.09032911793310067,-0.08745128996645474,-0.2141083863554457,-0.003286523457188001,0.08541581688060634,0.1555515200836452,0.02172996496215565,-0.04108447207074407,0.06544270174679481,-0.0225094606595065,0.02208951175752469,0.1186527874257027,0.03548498420131951,0.05131780995977134,0.2074485775036161,0.08225508696175936,0.01915835164589088,0.06045792433891767,-0.05388389395602571,0.09028759696624616,0.08585102254987359,-0.1200676870759279,-0.2026073375501006,0.01858953860511809,-0.1154689945570538,-0.2020892309327323,0.09168448251243431,-0.1131475542239197,0.0732584998487973,0.125760300584653,-0.1877124106611767,0.1343378962917135,0.09782533584598241,0.1499738238768906,0.1335956771556713,-0.1324946147849138,0.05343173519199746,0.01426966328232481,-0.197494594788231,-0.1392839180729326,-0.1700504432717929,-0.0202318988663752,-0.1877682223523763,0.1232929231734659,0.07405543247041074,-0.1270186864996904,0.1043672821415732,-0.2176641547306437,0.1404112849309697,0.1723867933550013,-0.1858432292952243
0.08562442797815717,0.1037902543435214,0.1054942461894558,-0.1246647448319268,0.1637323579506264,0.06009719711224226,0.08759436646653708,-0.1574872067217048,0.08841982751932764,0.005337467148676732,-0.1754139416144353,-0.1133138214440432,-0.05187552517713678,-0.08311365333718691,-0.1853563100085295,0.207506519222296,0.02777919620624058,0.08243136645070943,0.1453320134065207,-0.1906356109477359,-0.210211943725426,-0.1622338204792826,0.1928312766435466,0.175411861197972,-0.004830105423240979,0.1902636241864639,-0.1863596120426836,-0.2041393515423506,0.1132528648359878,0.06965734528783715,-0.1125465841347942,-0.02774805631928274,0.04873798160707634,-0.03538010882224314,-0.1798101360086611,-0.0007529256293897849,0.0555017341245389,-0.1073475858100298,-0.0116589061863077,-0.07398453487542002,-0.1590245763964044,0.1094337879957683,0.03667687815024009,0.118731142947443,0.05439130134204807,0.06777499602799697,-0.1260936623812785,0.1793557361474512,-0.1637574800803806,0.1156708127714356,0.05817117752047093,0.05421979910314811,0.05013700570066198,-0.1762102151658815,-0.175368975858548,0.02566455465587603,0.1679035436765615,-0.1612136606783688,0.09384421766168391,0.1166739902259046,-0.1903627845116119,-0.137698344197389,0.03398478205762127,0.05804501690906457
-0.1752410444989199,0.04016865752236908,-0.2052439997685852,0.01725105289059866,0.09494092092723863,0.00968145175261927,-0.06012514193477174,-0.04239303703624927,0.1718471066635235,0.116615983977847,0.07553168045024655,-0.1002694529694607,0.09607387016444613,-0.001733988956332523,-0.02662461521823278,0.1776530920112038,-0.05708827175059565,0.007922956560156937,-0.205592688285904,0.1448614496269204,0.186140939567115,0.1852307438987052,0.01731521510761721,-0.0692349277209667,-0.03231864382689729,-0.09113766131592359,-0.1728320756269334,-0.1989808814928395,-0.05627122354737799,-0.1548164804393637,0.2057721091456003,0.06014735575961552,-0.0001910700363931517,0.004140685222609633,0.07314193155904826,-0.1357317412539043,-0.0582401063844017,0.0306861868060823,0.1930071682926213,0.06127561626463884,0.12292090690925,-0.1631103709680523,-0.06930357756099492,-0.1920935412697838,0.056793550745235,0.02482178735156272,-0.03158169587195286,0.09689006623352966,-0.05762842420422421,0.1718590882874446,0.1964585589102554,0.1753753175009775,-0.1954305003635429,-0.2016799684039461,0.1003029202020732,-0.1443142443802388,-0.1411363627681389,0.1474980117382869,-0.1095065177869737,-0.07891924243776929,0.1569424185348081,0.06685735439868974,0.1717495757988548,0.1555274356182957
0.1748126463971756,0.1521933126017331,-0.1679230018136212,0.03781137770436137,-0.07843576493156787,-0.01520437766370838,0.07507465920489695,0.1602128505465578,0.1792804338265201,-0.1477693062327175,-0.1846085665838448,-0.04315736083898009,0.03585789666492953,0.1628647367226908,0.1702763100556044,-0.1802223051386211,-0.03728979008706727,0.1978917662139913,0.1206690610131268,-0.1744793058503649,-0.07835005642723476,-0.1323156104171787,0.07886352123065102,0.1319243037435733,0.1375666172847821,-0.205752849850924,-0.02242260837280076,0.02751244884826051,0.1321260479145448,0.002711728097893498,-0.1764908972819305,-0.05895078868262599,0.1650022545561535,0.1804390857325425,0.07028235928935057,-0.04331441136887328,0.198718852909604,-0.170215289566481,-0.1181219184114569,-0.08073549391421504,0.1718806087451006,-0.2017235701102859,0.1361436174533728,-0.005815594249411842,0.1812202974823089,0.1060471680985429,0.05023862588313707,-0.05784524164627666,-0.2014812454005713,-0.06703929936784694,-0.05023806866235123,-0.09865660677737681,-0.1544663467319103,-0.0005003835387460678,-0.1147912333154345,-0.02063403945454862,0.2084312450144875,0.09279467451299896,0.08096707446157071,0.01521936316845405,0.04972282356868799,0.008008842128227922,0.06806114880998522,0.006843413006779592
0.179392032527346,0.1070424361550161,0.1669730788483965,-0.08862977159651446,0.106949413522522,0.1508335720077777,-0.1782248475470646,-0.0431440705141148,-0.1432513542347555,-0.08718251665809154,-0.05159701057877891,-0.09028391809206127,0.1772091026008695,-0.2068522075211305,-0.2038891703463315,-0.07962092914457783,0.08926825614479192,-0.1846492303511321,0.1618316701176436,0.1797066197632733,-0.153521776400317,-0.1134045160546251,0.1469254353246923,0.1606838041500361,0.02516436888950736,-0.03193636432005867,-0.09105198990272249,0.02183859574278868,-0.004236767151015667,-0.1892980618442718,0.2013770536800664,-0.1679439852129659,0.1050521709945731,0.1926592950993618,0.154525957871351,0.1010169048171464,-0.01280907716805949,0.08820577569356601,0.06816345027803118,-0.03904999437063238,-0.05125194705042321,-0.04868639665275631,-0.007186311870076966,0.1086761787919054,0.09162096039175535,-0.2027163209994077,0.04292627872786878,0.03916719782080276,-0.1624216342329466,0.1003458824809538,-0.1359292833691244,-0.03147845766735166,0.1809513961729833,0.1096307490873443,-0.03085621299399596,0.09305867010015968,0.0476458031411994,0.1610120940504877,0.08110851359247362,-0.1975862278451948,-0.1952347226886931,-0.06753935780821378,0.01362454296630264,-0.0380827972564314
0.1668569444438222,-0.05279216341561268,-0.1756857715566039,0.04365906186638775,0.166541217372284,-0.1484340067023457,-0.06682612492343851,-0.0744202597139923,-0.1942239343099921,0.06355847849244667,0.1994404132883504,-0.1840388392001118,-0.05043442459431852,-0.03988361651790015,0.03454059057396353,-0.05842337164132824,0.04067696027481014,0.1647293258694177,0.09275919515463379,-0.01353579938064426,-0.03142469339437407,-0.2029269377122317,-0.1912260141171036,-0.09640627317297447,-0.0002213608300708138,0.07522102522608355,-0.1376513443824115,-0.1540931389906617,0.04311663519873341,-0.08002623994709555,0.06780561317753313,0.1309585648447018,-0.1453629981060287,-0.1925229733320517,0.1414699360943089,0.1077325557335413,-0.07218968037253019,-0.1764230046272183,-0.1907965664958834,-0.08297046161774302,-0.1183941605470035,-0.03568012518774376,0.04231733589195932,-0.1621107285802184,0.1219038685969869,-0.06407650971204623,0.1957647522903528,0.05212970611565419,0.1848170609213911,0.01984164102023932,-0.1641071782947283,0.1920193911713473,-0.03831472959041013,-0.0003828976899945914,0.2087189831033029,-0.1006637260605517,-0.1636348791348384,0.1257234613860403,-0.09340901068725119,0.1034511778315288,0.1348237075910201,0.1218051306635739,0.1634593612264327,0.05139974088173126
-0.04672376837261949,-0.1768875130163234,0.03834580617248218,0.04365401270719417,-0.05966855564687402,0.003329269549772929,0.1354761838704625,-0.1747111007200331,0.1066738452703218,-0.1975372377982728,0.1121087251633723,-0.1599882701623997,0.2021211973507205,0.1539584780938789,-0.1234326319221646,-0.05435235120518234,-0.1573975162171822,0.09211101201117006,-0.06650578709410815,0.05519971212907879,0.04284330289655158,-0.1000889502162942,0.02092846205814079,-0.1671439348445977,-0.0078990712550196,-0.1095811849342116,0.1060509762607562,-0.1669449439289901,0.0634324027422916,-0.1552502556970542,0.06565302036628959,0.01995999639404013,-0.132366327395677,-0.1683351716173446,-0.1928869893951764,0.03609585299693443,-0.09203020065913507,-0.1984040061831005,0.1138602996385621,-0.2025911743920509,-0.04705115803797123,-0.04522910070716223,-0.0652352082008983,-0.05423546022200854,-0.1863062566339494,0.08993860578218846,-0.1504132012259987,-0.02510515887334946,-0.1480961887175239,-0.1340508696857987,0.1074024940402235,-0.08021089918147634,0.1731875094410962,0.2002599803259158,0.09489032752965468,0.1699791673026567,-0.1295300199118534,0.1996403841580884,-0.0185349031001764,-0.09452280288416783,0.001385306326406921,-0.1945665069974838,-0.1770247417863884,0.1099086306333419
-0.1073699225192768,-0.1664265143516584,-0.09629747289678682,0.1558499609755118,0.1361980423932148,-0.09465297956290993,0.03158634358349421,0.09999627000102783,0.198064519560195,-0.04720091194461883,0.08215003090149793,0.1486376145063932,-0.01295494507206687,-0.1169841771683608,0.1657305440487139,-0.07114007756472954,0.158938837712491,0.1664874864667543,-0.1901335454099158,0.02147078910654815,-0.1721995415737184,0.03139845507135795,0.07401438390060583,-0.04421759219462271,0.2240796379869589,0.1986883306670005,0.1122362680973346,-0.216207794776432,-0.1713561751019191,0.1888134029531167,-0.06811556010217802,0.175158593663477,0.2123004870629658,0.07797732363396975,0.0634286377005379,-0.1319737569445849,0.06444246168947336,-0.04423695081118045,-0.1216640745658246,-0.06200392690572489,-0.06364489143850127,0.0464711388374198,0.06023872860276067,0.06767421437252641,-0.006371409402607162,-0.1586692480791184,0.1335362856247387,0.1578805261453159,-0.1842392606890496,-0.06615978655225496,0.02898058468922174,-0.2107957712369663,0.08180251369434173,-0.02085465707456002,-0.0178724461866902,-0.06451523101595422,-0.03341945086834634,0.09964609071212897,-0.05252936651722713,0.1254088648212897,0.1805966750709918,0.2262996391369886,0.09463306662131014,0.03406708113436921
-0.2227958623715927,0.1904967886269248,-0.09161608386605215,0.06208243306384843,-0.1317862839347174,0.1773913945339636,0.1265693589022376,-0.03521520297540898,0.1175014405257225,0.1833460559754946,-0.07162143760551121,0.09891804651913114,-0.03529778373917368,-0.1314858166900204,0.05878996368505822,0.1067870710842423,-0.05037087719295755,-0.1063830655244288,-0.05188682258804828,0.1384192909504523,0.1945887099960123,-0.2319610909003265,-0.1170891806187752,-0.1406723742894875,-0.1159376268137234,0.1183799709555933,-0.1497416531225189,0.2262103440404022,0.1153015270743208,-0.2066957858232388,0.05045136073158284,-0.01830070349906022,0.02965604038880971,-0.1182465167739004,0.1729260291852728,0.08849456751552387,-0.2000036940777965,-0.1592822148608473,0.127262502237769,0.06406022944510824,0.036247776014295,0.04566744943706177,-0.01686221189907064,0.1120601415877058,0.008543665926587956,-0.1991677699298123,-0.05608889399508455,0.05707820172191972,0.01678957670416014,-0.0136347892596965,0.03925623704834479,-0.0467279910522763,0.1546386967913504,0.004894833901438932,0.1647022043184963,0.1041677581912482,-0.06377291647508131,-0.1165317190719465,-0.1771167513291313,-0.09362208305550546,-0.1560656525645847,0.1661737148323226,-0.171041927260482,-0.1250989806525087
-0.04103491392333504,-0.1983565661302868,-0.1926746748297906,-0.01402982940992742,0.04162815635904701,0.1131943924742034,-0.1948079748937903,-0.1489384251909426,0.01421734976159309,-0.01478591954363322,0.1221535522411706,-0.1317068047571195,-0.1710683394152387,-0.09999033898534712,0.02336689796772747,0.1831127338681323,0.09317817375840946,-0.1833867458127106,-0.03026040273620119,-0.1260329167930781,0.1731238295425585,-0.1190438350780911,0.06282589592232152,0.111738080327292,-0.1717915271033741,0.00467653104497729,0.01327629103283539,0.06945897060274644,-0.183592492752395,-0.1682071253921016,0.1519803152902611,-0.2024383988660829,0.06757183437793164,-0.1213694921635285,0.2026221835389783,-0.1664988027493738,0.1773626143439256,0.2017382628727835,-0.01882062021349456,0.1712763981870116,-0.1909018197692536,-0.09229829737894421,0.02396091637324311,0.1860825646832446,0.02035890728843399,0.009550594442562082,0.09900073857074618,-0.1284169989141489,-0.1603165744271945,0.00712600629311227,0.05704451494869742,-0.1127544485290352,-0.03523130046389502,-0.1659087179144755,-0.09802612305878561,-0.1773775567313849,0.05348612053705125,0.04951412018641772,0.0306684928882254,-0.1163148965522165,-0.03241296903786405,-0.1731232070044737,-0.02947156057739316,0.06934439961106328
0.1271544375618456,0.1447659121571107,-0.2059781618340344,0.04029238152470622,0.1287497978287551,0.1294614144339486,0.04467719460229665,-0.144558306502195,-0.1916880848912555,0.155504394596289,0.1979570021715303,-0.178762270997072,-0.03890976125678524,0.1167875779045596,0.196602586610616,-0.1231813753878667,-0.012288884751208,-0.08717266424242777,0.1010622958714553,0.0551294412515138,0.2029217069017474,-0.1580132642365577,-0.1875046027469731,-0.1254798644808131,0.2032419293045838,-0.134610847323736,0.04025197763791245,-0.1112743302520385,0.06697352277237682,-0.1998586861897108,-0.04698097176008599,0.1249941020458857,-0.01825617004091732,0.1568952960591039,-0.006635067665021283,0.0661805876485746,-0.1541515791704879,0.1000344895084957,0.07451982956208408,0.08221553522064932,0.04786139504891269,0.173273276279617,-0.06342392062883893,0.06053437308092677,0.191432005150817,0.01518944848593546,0.06035155138799186,-0.06078730758030364,0.1237674956707936,0.05967939042167358,-0.1624835438930814,-0.09997045175559793,-0.01643065310941778,-0.1321391876322135,0.1526500277109766,0.1141530760450365,-0.1764220797284003,-0.1854975861348294,0.1645867013110179,-0.03171876936568156,-0.04853528904383141,-0.1555908801047953,-0.0459282611718995,-0.01942962027436734
0.1281513047128273,0.1636751917972899,0.1456138990340815,0.1465494899868662,-0.04895379719146188,0.004211620777704593,0.1968558896030029,0.1063736460452658,0.1132734834069599,0.1779455590513233,0.1183094724426951,-0.190013556934379,0.1809338836985778,-0.03695104448410053,0.006000188688917931,0.1912397192652848,-0.0753059090419214,0.06843656034853224,-0.1779453051546995,0.1826851994631273,-0.1805821617427847,0.09409729153812688,0.06301585114618025,-0.1179211878480807,-0.1289396635954151,0.0246617167559129,0.1266137540615359,-0.1498594717960434,0.005073190905311249,-0.09149443814323907,0.1882844832231972,-0.07981616931847922,0.0211390813305995,-0.0245031649326642,-0.1974706834282222,-0.1205382878440795,-0.1049204473531562,0.1592737218735678,-0.1793947844270914,-0.1426968353901419,0.1096004607342802,-0.1183555433343763,-0.04750048841936403,0.02047277662445969,-0.1734378309480981,-0.06459763624482849,-0.01429065895410094,0.161560672400001,0.1826284860333024,-0.01641738145032388,0.09240636291912528,-0.009932311985141811,0.08307549580784095,0.100330677593102,0.1097245490676682,0.03722783340550222,-0.2025928462139905,0.1521657790370806,-0.1072988795417938,0.1868680463136844,-0.03393599310276863,0.02944373718238333,0.003825334602820416,-0.1994990351243162
-0.1415359207410932,-0.09932345319208538,0.1279762483388105,-0.1029944963295834,0.1698917721049039,-0.07722284892044026,0.1797191221581061,-0.03934061822187897,0.01272222529686902,0.003116795385255056,-0.1757994369737051,-0.07200979090107525,0.07147928669951216,0.0601429509783938,-0.02427621963979288,-0.06015953820424803,-0.01026450593875118,-0.1578348260794861,0.2157285039823691,-0.09539647115771777,-0.09673428581067761,0.1943161093770641,0.01673137576858959,-0.1841677272651574,-0.05172393348159819,-0.1233756311616381,0.04475157851455452,0.150834625184074,-0.1989791563946579,-0.1817077087736393,0.1114821427070615,0.05005137802493924,0.1920817653976344,-0.2119753699154327,-0.03177211453275833,0.1032416755039306,0.1498769960226339,0.07949184917697161,-0.2169042214736056,-0.0158024650272115,-0.07682016937381018,0.1119909093459791,-0.140595716175308,-0.1791403897601284,-0.1164920909025815,0.1898147617813639,-0.02658865834222451,-0.004393016478604682,0.1188267280094453,0.1963176919087044,0.009217881057177359,0.1980731474067237,0.1701715266446945,0.1933376578432095,-0.04419078798912993,-0.1053454577284498,0.03994475591765124,0.121353134079436,-0.1442201191298789,-0.1183169694466637,-0.0465325439981371,-0.08771419156605828,0.04247995246712612,-0.1046800057993633
