-0.08379301234447038,0.04269591377965769,-0.09957727795097633,0.1349322348110268,-0.08242196283437471,-0.1712280648250677,-0.01282243752579917,-0.06358668847725402,-0.2067122054395593,-0.03938550367881453,-0.04586551517389469,-0.2139054291747446,-0.05848157925373167,-0.002660035651861023,0.06452540099129661,-0.1195520764079968,0.07685415565062956,0.2303587042916342,0.173228513781104,0.1506936829187689,-0.07248832852338712,-0.07696735735940327,0.1965273827120894,0.06896341159607697,0.07225177004304195,0.06518180595005181,0.096656496877266,0.2035696586895659,-0.07061658995537443,-0.08215275286217318,-0.009786402261562853,0.04617526959720799,0.2031337435692345,0.1342896193316586,-0.0777390177711984,0.0765005197684348,-0.05999265705770899,-0.09432133553043703,0.1842185372994313,-0.03717564812714393,-0.1488644716860623,0.1515373113415046,0.1773577790591478,-0.1378121935787451,0.1274449305751676,-0.03477616849272176,-0.145048666914114,0.1132787494106779,0.1269490457598713,0.01747942382793593,-0.2027672326609656,-0.1462065134774603,-0.1097862610115096,0.1906740735064326,0.1205397429003157,0.01984660034938027,-0.08882184536515281,0.1246572876781045,-0.1547052268138493,-0.160542339495809,0.07149327568105673,-0.1011978673937138,-0.1989682646241145,0.2257431438836062
-0.1172967252827285,0.2078530150671693,0.1957121127669792,0.1081392511946707,0.02475092979406043,-0.1139076934727,-0.08877378655562154,-0.2220673423489789,-0.07340873612628147,0.06888120914347268,-0.05106621614506478,0.01629700100578645,0.1599464688813703,-0.05997561949620837,0.04477936571592084,0.06591314876597858,0.0435032068175367,-0.1054423227740376,-0.06966078197289405,-0.1064168532431559,-0.07995219333405898,-0.1116070469004881,-0.1457510514168119,0.1443163055737312,0.05817857741446955,-0.05475067386450955,-0.00158038303279651,-0.1221294906946719,0.2102878628198571,0.179362819934089,0.1067076697545171,-0.1873159657946878,0.1707561261284486,0.2147718589173232,-0.001505400279534135,-0.1245192446221141,-0.03996283863003508,-0.03012607038508263,-0.1171858296383401,0.116390338969542,0.01088191735826104,-0.09767844017333055,-0.0212966357102535,-0.1292890452629859,-0.1084520080843713,-0.1009754901005871,-0.1470118721162693,-0.05629019094708738,-0.03097052297955849,0.1347082441720934,0.1133569848069112,0.1824403676142267,-0.153169804787304,0.02147206512080643,0.01479011564524854,0.081448951241121,0.05954485938297606,-0.2047403547042807,0.1312326626969922,-0.1036658373949065,-0.07321654961708948,0.14024171996261,0.1000132525131178,-0.01227975452632268
-0.05337755489363216,0.1308949421103625,0.1689264844067636,0.1636545604710918,0.1886629610510739,-0.07343892157451869,0.01147980791327106,-0.1852608589377006,-0.1741356270141652,-0.04010212552540195,0.1335979490248315,-0.0767123456203071,-0.1304429306407379,0.004263622695183981,-0.1931648126815346,-0.1239257133844912,0.01904258096956972,0.007490844029600839,0.1498472799182214,-0.1325477470359683,-0.1566548049163214,0.2059114594885083,0.01655387039940153,-0.1302778141312895,0.03613219904430619,0.09240473581332691,0.06216379582933122,0.1530629292368024,-0.009736183176687492,-0.2097474817609369,0.01848645435172611,-0.1202306890927732,0.1626793901243805,-0.009479672124189698,-0.1180876117884898,-0.1371865803741137,0.1919643395061313,-0.04253464939863374,-0.1328548602617016,-0.1414130105650603,-0.1409384647705652,0.01804037635282191,-0.08553383379301195,-0.1542933592096968,-0.08301285375421212,-0.0003937136178635678,0.06076610649015238,0.1318036098195219,0.05926080536917865,0.1820071982278847,0.06505279784490578,0.1019492470620152,-0.04768216650760344,-0.05633809210537893,-0.1552779570637993,0.02769839185830601,-0.01070197670715442,0.09084597824637305,-0.02616156896079153,0.1867565842723331,0.1485236260298683,0.1301786956890211,0.1362823121209638,-0.03893733232291609
-0.008158056346538314,-0.1880336992320972,-0.04147805648738138,-0.1163903477247162,-0.1399644353972585,0.1742890604984744,-0.1712068179603861,0.1526085858039385,-0.1927559164550248,0.1295409672607805,0.0820883305190071,-0.1727798568700888,-0.185276075171835,-0.001968024588836606,-0.08587716959229451,-0.1530537925764811,0.1700748150042763,0.06238784122253547,0.04130683197754365,0.0899974363276517,-0.02585438530855153,-0.02948384233481376,-0.01889287253635512,-0.2189398982914302,0.1772251818412265,0.1120098214345163,-0.1650068519803974,-0.1161115507851458,-0.1000793047698082,-0.03552697208860801,0.1611089754986296,-0.01956613191415265,-0.1713626130768744,0.03326312147234049,0.07647770158258704,0.1024848050134609,-0.03802208526238066,0.153345290978379,-0.06897549776431192,0.1771222891040057,-0.1497287690961051,0.1009804032437399,0.09757222641548903,-0.1938326716144347,-0.1950256764101836,0.1637229642271422,-0.09841250677513254,-0.01930274461249663,0.08107697697704644,-0.226045824569696,-0.1982240758906595,0.1306185578794559,0.1476076135187917,0.1507517010002509,-0.1770915296787507,0.1137165208857324,-0.2166793463625135,-0.06182846358514069,-0.0519315406296075,0.1100698172153706,0.01683483779857165,-0.1583145355463784,0.07230456594783716,-0.1885681530013851
0.1712713224809604,0.07689125072065117,-0.01969279093814759,0.09366466526099337,-0.1492668967395146,-0.1257716599868715,-0.03563436857995091,-0.2184270897708239,0.134786370709215,0.1371218089305004,0.2080886596800828,-0.001564874255607747,0.1800584417596588,-0.0555227590351501,-0.01404901201101923,-0.1782961353258679,-0.06741785377690937,-0.03948866279140224,0.08115946358924839,0.0001821783599100335,-0.1090949864171426,-0.1199201965079366,0.1864400613672318,-0.02951743156423745,0.1273484759537558,-0.1471386644918753,-0.07303301436490248,-0.07967371284272388,0.1668464823582777,0.09291241664640314,-0.09720161353243777,0.05043571626843623,-0.1246683913412425,0.04603534609062675,-0.07811740206294161,-0.07373081998415718,-0.09542057107072957,0.0481462123443309,0.1822604753228378,0.1827214241887856,0.1304027394893295,-0.1944631550987314,-0.05364216893543838,0.1294801297872613,-0.02391462843831403,0.1643325778811898,-0.02470642276059516,-0.08298240092731565,-0.01706233384894497,0.1367260931225933,0.1448745374619894,-0.1870359601407121,-0.1612745984095223,0.1960467937681361,0.01030164071358771,0.09234871316346761,-0.02539227051299361,0.1443003415825129,0.05426636295504902,0.09267312069608345,-0.04954768881910616,0.1901290065009676,-0.0888177527958693,0.0971051267739214
0.1798502142258859,-0.1744079483667681,0.208406164499619,0.2004461009897766,-0.04642841750684425,0.09160616363134612,0.007126004032536191,0.1466624891163931,-0.2122108774812587,0.1326429600440802,-0.03219737980642198,-0.1704838060211217,0.1385664745017555,0.1827879218959612,-0.1923045565732067,-0.07253474572852768,-0.01941000780453229,0.05954563708571174,-0.1388426485706047,-0.1838542425013619,0.1798942120714737,-0.156652414252967,-0.1383302634529425,0.1433795051278987,0.03106496022834514,0.1572135301634824,0.09909201249443754,0.09278245124494347,0.1758566911741175,0.01921008943009664,-0.04396268071701204,0.1361463239263203,-0.02720227543243509,-0.002950999867723756,0.0308204775189497,0.06849672009171431,0.1874126716176794,0.1610620001704987,-0.09217514062333344,-0.0435648613080938,-0.1848829863583473,0.1871668239013915,-0.1140925316618571,0.2065094093276178,0.09278573248374807,-0.005539837864513057,0.008086842394025172,0.1553408494146456,-0.2248341878875748,-0.06739870410235958,0.09127420680517698,-0.1347153911807503,-0.04869468551442992,-0.2051282034372199,0.1162923337688311,0.1048441467335903,-0.1915740796867713,-0.1398837406587313,-0.07577660547559763,-0.2091863998623449,-0.1879309815784372,-0.03340180576557574,-0.1911320736452783,-0.14786975583293
-0.1251512545093406,-0.186807524521957,-0.1199779590156837,-0.09822993822036358,0.1941232724973746,-0.001468263611436124,0.1962945465114755,-0.2215774700540635,0.07963785609200674,-0.1094640248424815,0.1257793792451209,0.04013775010012729,0.00193780959748719,-0.0305930787632822,0.1730431314284765,0.01823580777244943,0.1399622733657074,-0.1857688649348818,0.2108391806018759,0.04567379370058153,-0.1475800074611847,0.156605504982495,-0.1965233237695317,-0.0952533274493936,0.05052896858081362,-0.08709540649340552,-0.1286920073563616,0.01143993984576928,0.09096469769195471,-0.1357876485827724,-0.1074187947330596,-0.08294965858325495,-0.05653492798445799,-0.1299004036180042,0.2045047634704397,-0.1311066919363232,-0.1862077087968613,0.103437792834479,-0.005718641038993257,-0.03631824320815197,-0.06496665028545304,-0.02931579432614412,-0.05211285403961771,-0.003588849682926302,0.1831080979518198,-0.03117242307682765,0.0993575177690262,0.1830322150567192,-0.1028801238744906,0.1317267464736163,0.1413422058842548,0.142396716589434,0.05657195445611585,0.1114897371141612,-0.1341773172920501,0.1109924509336318,0.1364371886293584,0.05931074349909188,-0.07146280524636008,0.03020596424027052,-0.009462072123679542,0.04986344487808101,-0.1607191315651163,-0.05011685069157193
-0.1780775717390944,-0.1808532281696308,0.03607977207070635,0.1559487657433375,-0.14709746905463,0.1946835327683576,-0.1964163121886264,0.08202683284548992,0.002991911717682616,-0.03246609629266789,0.1475196406073429,0.07845681215821061,-0.1738087611820853,-0.2031902004922549,-0.07940780795515581,0.1081822020292117,0.1724108635457324,-0.1462431088741845,-0.06547495464971216,-0.1275774640865996,-0.1705992999812935,0.1547648386740665,0.1226876499944513,0.1763107009502619,-0.1449235512083308,0.07333327874660966,-0.1636762912345669,-0.1319836154032056,-0.107540680077896,0.0305710197282145,-0.1320094581368238,-0.06213663470529755,-0.002569734250820415,0.1067977980732235,0.1746283085147583,-0.1524840714009636,-0.1040272852520357,0.04388453271306736,-0.07993298110126461,-0.01471793420043743,0.05236459008072843,0.1893982413876586,-0.02060227195073524,-0.127679531896291,-0.1015345636251863,-0.1354263072057777,0.05368584149710915,0.1311585214577419,0.07800663191917301,0.2217317802744533,0.08045848583843877,-0.04165238467324732,0.02253772198815106,-0.127430445630638,0.05983581759507779,-0.1547927614515486,0.1975552791694286,-0.1709448294336652,0.1562412800924615,0.07792837203610625,0.1121309475450598,0.1675336192353945,-0.03746907423102947,-0.06889503698765487
-0.1002258248880931,-0.09098984158866785,0.1713692261478349,-0.07672924732290896,0.08362591792904678,-0.04875208777299722,0.0620272529139841,-0.1077018669214847,-0.03385386242441397,0.02882645015010452,0.1884842436534961,-0.2131384361963871,-0.05014593672915935,-0.0422014039480894,-0.09112727373854354,-0.02371812010750561,-0.04755491627285069,0.09469693596504476,-0.00850876332334366,-0.0824788202762982,-0.07548091406056212,-0.1574142492554938,-0.003928860503889672,0.06704057556026212,-0.1271623329197832,-0.1714227609044655,0.1907455355547865,-0.1664979044180545,0.1708419858933795,0.1090139796966984,-0.01508834673829967,0.2031072653761376,-0.2013011286379735,-0.004211449402017235,-0.09942880772850497,0.06540169656980091,-0.1516591438113897,-0.074062450909506,0.1122569598438536,0.03395881781283558,-0.08200646963651688,-0.0965380154120071,0.06854679434117185,-0.006918926100918645,0.1546405036440515,0.1380081571106759,-0.06886645116613835,0.09133207857181937,-0.1728836774848519,-0.1002739866243819,-0.04493770227508365,0.1929346776905342,0.0503451301590751,0.09325321868927317,0.1926963550548108,-0.08039203751586031,0.07775032766433354,-0.1611344189437993,0.1639697948962255,-0.08941197160721644,0.182631833588498,0.008730010453238013,-0.1853526582173954,0.08379584813331355
0.007363924297903388,-0.04256422913137575,-0.09962832249056879,-0.205435156012645,-0.02252051900342271,-0.02675793694158226,-0.1237581768059925,0.1272643555413978,-0.1809498949756469,-0.1882067844377575,-0.1831646042515002,0.1671877660165634,-0.09009133556143109,0.05753030555951109,-0.1402931350217112,0.1186359098083829,0.1412542621237746,0.120002462490316,0.06988357417396451,-0.1090135528444142,0.158358099634686,0.04919799070883907,-0.1790131591394926,0.110388680463609,0.01277244547262608,0.10244288027246,0.01689276364175473,0.09367755698081473,-0.09328724402789583,-0.1652850369589044,0.2265988320071537,0.1388964174745181,-0.01255392802187709,0.2335264390517047,0.08997655899583161,-0.02253702149405349,0.02806281557435993,-0.04900637056619865,0.1436167819654521,-0.1397222108284197,-0.07168146925035609,0.003303699076149014,-0.07372795452332734,0.1583828310219984,0.1757770896038565,0.004963075682314997,-0.03788438840043966,0.03657687867023491,0.1281630640438839,0.1488884198887341,-0.09966470084538075,-0.1529596054176894,0.1146310154966454,-0.1955151628090227,0.06250885690454934,-0.0477211134486706,0.1050520612115051,0.1636281247274561,-0.1747635023199916,0.07584063119136283,0.01841851328487497,-0.148422372582646,-0.1951621530341227,0.03286766356076422
-0.1073354186450798,0.07320776523141571,-0.004950345377896061,-0.1077208550671097,-0.1886364639814006,0.2071983823565855,-0.1606503499545053,-0.1191609329637195,-0.01480073870310445,-0.1639507599408059,-0.09558845762311863,-0.01209543703493765,0.0835429624406806,0.09653784634218103,0.04829651723039084,-0.07577515819140723,0.1274141113454559,0.1936328317990918,-0.0298940978827977,0.1922555891586682,0.1418800749393043,0.1547724375821696,-0.1806095297525767,-0.203465687635612,-0.1298318040413836,0.1941606284889757,-0.07690988439821746,0.08475647952807673,-0.216224791712013,-0.1502314712120282,8.303021388983772e-05,-0.1181786463582276,0.07595129337403099,-0.1907672149614988,0.09910170646805359,0.1855047067836973,0.1475529308588114,0.1139830224746612,-0.0299045749873865,0.1406838112127808,0.0641761513684117,0.1005826933717909,-0.1927460042744667,0.1746598744478509,-0.02706335139494963,0.1639828238471587,-0.01295723450594875,0.2044443518067366,0.2281123339838684,-0.1308777819522483,0.1369276442841125,-0.01439199066221565,0.05876686525662763,0.05742597098878558,-0.1793227764403658,-0.206885638130078,0.1146738820952272,0.1415777200638914,0.1557045579845174,0.2020777977182617,0.1172964770760277,-0.1631467829084291,-0.03197251063317373,-0.1515339024376761
-0.09133607689391229,-0.2061460706061839,-0.1259363325372171,-0.2039757797949633,0.196142929754165,-0.206060291083831,-0.1489973721663947,-0.2132479273805555,-0.173086055240101,0.1892453055659659,0.1086521233371413,-0.1185150597999524,0.07420524178802375,-0.1896749653266641,-0.002482915169297851,-0.0177282519332265,-0.1579314068858836,-0.04548274107340486,0.1492748127710922,-0.06889485453616631,0.1283299454492656,0.1395198904266625,-0.1666674900141946,0.1614377281204246,0.2171977359576777,0.1389924193074218,-0.1125969642302837,-0.1355413001817849,-0.2046463046591403,-0.0830409988977945,0.01153059878801485,0.06632848384627515,0.1645873151481699,-0.204033672734409,-0.2054453703338865,0.1665436998717159,-0.02761733456042754,-0.1560720676757519,-0.1177214206037399,-0.1001640342032918,0.2121129229746856,0.06998744990518521,0.006853533368364813,0.1465923021673115,0.1968282369569614,0.08483265929804208,-0.009528149065812321,0.1170883468767736,-0.07103131846645053,-0.03383434275061121,-0.1635904938974928,-0.1649446622329285,-0.1075920719829716,0.1866706519524849,0.1785475209301717,-0.01617551183245718,-0.1161898486968586,0.02472059015674289,0.06432781793518337,-0.09527037966157713,0.05966271062711447,0.1541931899243493,-0.00221703768977993,-0.230148526087378
-0.09360561092236844,0.1767684376739597,-0.06195663940334547,-0.01305543294015993,-0.08980147843426595,-0.04137103000179976,-0.1847717802865742,-0.005309071150524911,-0.07592318584851837,0.1499146041516266,0.1768165500826882,-0.0832276518160925,-0.1193475765756647,-0.1657398754730128,0.1497709847057812,0.17473602227448,0.01451648887214333,-0.01623564397573179,0.1416515518042399,0.1930072024704793,-0.05120993173032644,0.01645467920959917,0.1009896200174255,-0.05928971150787709,0.2081685120105301,-0.1322123225199833,-0.2005685130478365,0.2122764722284458,-0.1570109636754982,0.1500055554022352,0.1711639609167697,-0.1849904079776984,-0.1447126004320767,0.01718572271573705,-0.02744315764776363,0.03859082108175091,0.2005937770342114,-0.1977901148925269,-0.1541249303006117,0.02289918644345087,-0.07096854132227491,0.1914908035327474,-0.1103913221140181,0.04703174159299871,-0.01032974463934977,0.1016312139672321,0.1033792461061375,-0.1805285423728308,-0.1779218481589148,0.02310206057090639,-0.207505471296242,-0.1949815747171799,-0.03751906645949823,0.04072531656694634,-0.1284899643152783,-0.1702663641190262,0.1752238705288681,0.1934169625432583,-0.1628950481561793,0.06509401609793686,0.06144679617903309,0.2028431739134203,0.1412063515272916,0.0172839309624163
-0.03481355135938643,-0.1684628428634156,0.1397383654309863,0.2033502202018493,0.1347464931680286,0.001782778825132463,-0.1546576671099022,0.064014662319698,-0.05493965941588126,-0.09192455393817421,0.1943761338895632,0.03130583652521438,-0.2090639383348066,0.1499676528892953,-0.03257470043142251,0.1399424574842707,0.2068981286660986,-0.1160163245334983,0.216680187287379,-0.1080688450705472,0.09976978115543443,0.07437407203971655,0.08675524196360745,0.2088641520177022,0.1575559691849205,0.174761378049012,-0.02677946331253991,0.1740860021732906,0.1444609441280516,-0.004442623925199793,-0.01360996673864443,-0.03461830178368995,0.03529198451031258,0.1052599091249591,0.07967304497205142,-0.1077515979899659,0.09507914044333031,-0.2088861320010379,0.1845352594331398,-0.02330170488199043,-0.1714491930318661,-0.02785365331660797,0.1116343864604511,0.1681192647190766,0.1834624924679907,-0.2039417249144229,-0.06141375400701409,-0.1917901323666108,-0.1912439080078833,-0.05489330783408602,0.06942320624306687,0.1207411641641067,-0.09235833083764865,-0.0612950747864166,0.110676712923235,-0.1417568797464204,0.199851162727872,-0.005937420003174658,0.136060807730453,0.1553580837507079,0.1592951636672809,0.01772523835671469,-0.03527799847161628,-0.07626938857472812
0.09743216763076877,-0.0990890102458353,0.04500339239047848,0.1314628767090467,0.1437106530460593,0.1668904066891899,-0.0193876722518008,0.02284449835894149,0.1470542065877276,-0.1506029409189729,-0.02583432942374201,-0.07023957402544322,-0.2058545912073167,-0.07565989757441551,0.1233510762352348,0.008345213470497416,-0.1738142838576171,0.177718425190932,-0.1282223931574107,-0.009831591951282555,0.06318365105884993,0.113497951075553,0.06281734897951213,-0.08522117620741222,-0.1838377657488231,-0.119605542345091,-0.1612311606193939,0.138364708089637,0.07716972434057995,-0.1760346720199424,-0.01267858437928059,-0.1626504297619219,-0.08226314146552406,-0.1139225661896697,-0.1078587204975898,0.1922006995725921,-0.1210434420359455,0.1321379145798165,0.1939150840176308,-0.2058782370570273,0.1029691841236824,0.195235686826286,-0.0522843692974382,0.03901112260493751,0.1051119398850126,-0.1800010600478261,0.09431693454821335,-0.009625802344891205,0.1656258619075597,0.08357007592343221,-0.1675889716668083,0.1346630805665204,-0.1437003359026374,-0.00108577906510358,-0.1472070373876097,0.07137103633845814,0.03366102586611818,-0.1095441359183766,0.04345351537233876,-0.1755273037562846,0.1637523404106677,-0.09047943820297601,-0.001709345720189837,-0.0417030376708098
-0.06727110690891851,0.1353151190414236,0.0904549196334585,-0.1162296853848855,-0.01349638014133541,-0.1100081948055629,-0.2102836605386603,0.150222864350702,0.006037893999437102,-0.1477638522037996,0.1728348616033691,0.1599383384806524,-0.06798205758031491,-0.01071981210510136,0.08825042794920247,0.1822716582233787,-0.02286118056521409,-0.06758260370116581,-0.1241814235549813,-0.003019434280623061,0.1910884603948318,-0.1407295169703826,-0.0267094683275756,0.01423585450763693,0.01181076769243302,-0.02592678997991358,-0.08384007165128392,0.02119040259347686,-0.01179858652988452,-0.03011009740174693,0.1278968479969428,-0.0419897946233479,-0.18241930044863,0.06793123246310291,-0.03921412068987952,0.1993936521891304,-0.1834064453329268,-0.01157138968833828,-0.07267735112751479,-0.1849022662032246,0.05774056454775358,-0.05883843287738781,0.04264239161559197,0.07886707585517423,0.1544307603834858,-0.1782875563431741,0.1460884723016056,0.1220592830043617,-0.08776483690584416,-0.06247164990818867,-0.08579219934239028,-0.199260597220551,-0.1564294613235208,0.0951028192554753,0.1267438059296566,-0.07025672586174186,-0.2102644531675264,-0.1044346964879857,-0.08373971422442669,0.02671092515826297,0.1157774472617289,0.1635183922119186,-0.02835011838754436,0.1967474768357034
0.05283491362706779,0.131680580290904,-0.06425115990805048,-0.002119298180901552,-0.07549776607013187,-0.1626034057959657,0.1258166825863924,-0.1926375108557194,-0.1903449205603475,-0.1742726229981367,-0.1212995096814486,-0.07956913319649787,-0.1924225691576402,0.08558764737246403,0.06453663828731067,0.1968265804887177,-0.07919734991166333,0.1284923899707025,0.0006235940411761541,0.1891535776460236,0.1572488774146216,-0.2113089586165005,0.05549104349380216,0.06904240983241318,0.05357263839705572,0.1851873524055521,0.1761749838354739,-0.1086413027815152,-0.09446074575909057,0.1513415633938278,-0.01963724348966038,0.03844088239035909,0.09703538337608621,0.07646853094726501,-0.1437557203921552,0.2015184021567127,0.1891501382531873,-0.05607584015560211,-0.009893219051913255,0.1888980713562296,-0.116478193971177,-0.1710624329261765,0.006491200598831653,0.02072392600482719,-0.01627288907917097,-0.1012709593804494,-0.1915021132896644,0.1892790894712965,-0.2106796393658437,0.08403719010080514,0.1950264096304085,-0.1222007574808411,0.09055607507219393,-0.03747828524562,0.08540063711272598,0.04445613311378493,-0.1875951514255694,-0.1866065697281432,-0.1313132692668861,0.106603010245427,-0.1021336514695931,0.1537748088276097,-0.1413499980359513,0.01708060154713105
0.1572743792521441,-0.05710769845631737,-0.1926223814036586,-0.03292755126438841,0.08890138418072133,0.14312750965643,-0.1726367443940224,-0.003126575205607673,0.132542198940434,-0.05204901244472785,0.06913550286746048,0.04901442883046435,-0.04037423537298528,0.1847268199943304,-0.1259297626176716,-0.107287413422292,-0.01709318746072631,-0.06808478848200761,0.03132210394288686,0.1945877370249983,-0.1028606407906985,0.1791340377420019,-0.1106723039319623,0.2182397873646236,0.1852706815811677,0.1671098160073155,0.01537755177673124,-0.01358929501400855,-0.2130083354996643,0.08563764665678054,0.03001844972592333,0.02330524088095334,0.1436035296595491,-0.1969887805710547,0.003862642017700445,-0.04523708966573031,0.2204727270330378,-0.05103814390867319,-0.0762118457966119,0.043517135910164,0.004322963184796447,0.003299955397055623,0.1925706511268012,0.01931668870015632,-0.03183854348390788,-0.008067486610149204,0.1922820569521171,-0.1973349838789477,0.1056502236612582,0.002179279562005029,0.02580273748513128,-0.1421537378966545,0.1409728095022522,0.01531476199065886,0.06697921051138384,0.1109152994550934,0.1858815814176812,0.05890977527266818,0.1426581369700337,0.1568895667346287,0.09459631278541224,-0.2103872063137903,0.08629305338213096,-0.2015708149622911
-0.1845954143336768,0.008669871511129261,-0.1732041369155071,-0.1393191224369993,-0.1932107714322929,0.09264670255166624,-0.1975547312850783,0.1322339618140904,-0.01451278434038869,0.05406898124126949,-0.04711370742981563,0.07300218333114339,0.1520265207326016,-0.1952135812473345,0.02819537187594242,-0.1883382011607059,-0.08651113464190439,-0.1039261344016598,-0.1791152735201931,-0.1471185456772865,-0.04843735740797214,0.2100200539222229,0.05182039409504482,0.1648958795464021,-0.1646146200839301,-0.04053992170077566,0.02529652052650648,-0.1651356439792512,-0.1375185716529517,-0.08762799475407541,-0.07305275810380933,-0.06715247353623127,-0.07256240011382517,-0.07032155053288372,0.1987844463802905,0.2021783282375885,0.1374467650403211,-0.1383350314731042,0.1424920823426832,0.003197323146885488,-0.1715390327718956,-0.1958533165264963,-0.0395176642536167,-0.2301426865966361,-0.150762438977472,-0.08101996381513721,0.03048527429154552,0.09285658960225208,-0.1411283540697647,0.06171856438984013,0.1308297761964082,0.1683820248996298,0.1869199955165359,-0.0756402324184892,0.1203816666901797,-0.2160802863802829,-0.12376043621681,0.1335812828537977,-0.1375043572328173,0.07782268947639324,0.09385277649641698,-0.1902177761759728,-0.01882533250210965,0.02686111166897758
-0.123510229318553,-0.01549640795217313,-0.01522164866222652,0.1801831800016467,-0.02009072146408748,0.004783869212519999,-0.2031619362693427,0.03390403672029153,0.1144101335313408,0.1686088997928785,0.07749349406173801,0.0347106617336714,0.2037732465109712,-0.1108565566606068,0.1202676356744068,-0.1137777137534128,-0.1776741993503285,0.009985114930170104,0.1957291767466977,-0.07572418617410102,-0.2095211880659958,-0.1211317933373286,-0.08620714799645095,0.1734367333573404,0.0006584856129344366,0.0392489235803643,-0.1727536036555911,-0.05376951781083682,0.08172353571597273,-0.1035129480742784,0.005019039875845616,-0.1307590256147089,0.1862502214878811,-0.1916651342458453,-0.1710277979199776,0.07805490363713795,-0.07882012176933974,-0.1420864435881855,-0.1065439280796092,-0.01075042011937077,0.1293957415681055,0.01345027389775293,0.08207795662385095,0.01160142394614741,-0.1695022340615382,0.09308012591126334,0.04615097048217292,-0.005429695462105128,0.002297484260182687,-0.03795901926478644,0.04860093023281393,0.1116541203654484,-0.1273463597917576,0.04991080735553539,-0.1900378059266845,-0.1482924787675838,-0.1870669944583176,0.01439132720878008,-0.1359875958811212,-0.03727542148437041,0.04337987725685187,0.007229091564225774,0.01913838533266884,-0.1122072118654039
-0.1452699305498732,0.05765399347665342,-0.1000099924870685,-0.1138200690827539,-0.08765141096450264,-0.03111008186788819,-0.1687202467413724,0.1442467909178275,0.07538562898467725,-0.1684206664012532,0.2053710062616265,-0.008495663399117127,-0.02064093338194623,0.2041634511059182,-0.1961571094358292,-0.1416662030231066,-0.1659192184667513,0.129950052420787,0.08704734319906333,-0.07426142483550886,-0.01009707198678201,0.1635146194471136,0.1404929756759291,-0.2296788148523912,0.1864231953196101,-0.1073323010431479,0.01928276454248915,-0.05423243561735114,-0.1017691938454003,-0.2027552754140649,0.1953495525047007,0.09099290713747089,0.05960632189938541,0.1522875647267309,0.1066778768932526,0.00895409093453939,0.1294670354322645,0.1642226718474601,0.09835331583213321,-0.1986936946397225,-0.02212258311764705,0.01233378340837169,-0.04987471012996582,0.04794475642975515,-0.1469106662110014,0.1695661267369911,0.09742987362160536,-0.01964648070458496,-0.07751401357827382,-0.1521838608412172,-0.06181838974992335,-0.08234333771137442,-0.1927309298160821,0.04940102594473095,0.1614935859643281,0.01782047240639753,0.1257216945186069,-0.06624201428501388,0.2154402169562183,0.1941286257729858,-0.1599647679126045,-0.1079154636638723,-0.1877668025952952,0.1733808185557335
-0.06589778181919315,-0.001096845821993439,-0.06368585128071104,-0.004820496559533234,0.1356643516167595,-0.1941825111456889,0.04749513392754273,-0.1227832907376433,0.02615224784216651,0.04768370995962125,0.1205712909162904,0.08752984978994049,0.1859540288188961,0.03230370738653308,-0.1919844175383852,0.1625631712293961,-0.005054456226116113,0.1542148611819983,0.2283540170487498,-0.1348880350019582,-0.1808629582517165,0.03151416816478834,0.04678582864174649,0.08309925605730215,0.1430132843110925,0.1786922707869441,0.03822561803834549,-0.04764575385077616,-0.1747835205939008,0.06837970870614482,0.2382201096821257,0.1852414443435587,-0.01651096905959407,-0.05890726259911732,0.0713987223820436,0.1925903970907184,0.03050213808611662,-0.1656487261625257,-0.1645190053078828,-0.1851054142110139,-0.2015242644881703,-0.03614200907145138,0.173335674987377,-0.1911963026958765,0.1924850330282447,0.1710088867569288,-0.003353515572685558,0.1985536953691283,0.2261588408351294,-0.04362584905011375,0.1795895208642543,-0.134478915491748,-0.05411871501323201,0.1212664664834159,0.1270853264616053,0.1772392564394342,0.09479475349606156,0.1749248193815015,-0.07795689693166581,-0.0269611297883509,-0.1355776415867063,-0.1552577189800112,0.07178724561459808,-0.02413109476882322
-0.007019139003878782,0.07350527863163527,0.1043018741930535,-0.1378324376803226,-0.131310829964104,-0.03451219705276872,0.05533843824793191,0.04241933452586339,0.04219111324047373,-0.1902452742428513,0.1510040379351415,0.1465987367816727,-0.1468575623155366,0.06744586575609854,-0.1661407658928555,-0.06653371290981108,-0.1394983610032009,-0.00343005420358447,-0.07841723170748276,0.1240151855517709,0.04233509740123109,-0.01834550640072844,-0.128062798865772,0.172463716981028,-0.08253910793617009,0.01681577037940236,-0.144904763287225,0.02672097142569766,0.03592765796010493,0.176515736683252,-0.1423788644557372,-0.1351368223258548,-0.07979363103422919,-0.1092361846275167,-0.04557838785548125,-0.1360222901882824,0.1499877140769276,0.05968916204796101,0.1223422231748345,-0.110430796224814,-0.04238807205982138,-0.07741131815551711,-0.04396390636199761,0.06229796790268969,-0.05982330899991704,0.1747671986650065,-0.09875644796988532,-0.1951989610847577,0.1959996215097274,0.1257224311242078,0.1580867922915493,0.08426533974931817,-0.1724028493763074,-0.1045344206024783,-0.0210928485066472,0.1141003246614412,0.1374626282356823,-0.07121847536696524,0.05367970128855262,0.1298101064935277,0.1182097828183718,0.06323337941563986,-0.03132463187997819,-0.197792779319253
0.08411307866368214,-0.1080488655107372,-0.05816020403268488,-0.01981169470905185,-0.1481142209214962,-0.0952142291255037,-0.05032426300973229,-0.1749936878660288,-0.05493300478520267,-0.1162332559316827,0.0002975111026770509,0.1092492781924901,0.04973048525514035,0.1891798103667026,0.0116240586638839,0.05117703341773606,0.1349987705450359,-0.2147166494201449,0.08799953978081242,0.2013281715429923,0.02918671625375193,0.04668260085557967,-0.181083904615647,-0.1114400168102451,0.0531542931802915,-0.1791866609892147,-0.09483327967776814,-0.199195931659289,-0.2196307107626786,-0.0635654214407313,-0.03443839838193727,-0.1969528688317766,-0.04610010583280993,0.08574398976668966,-0.06776989132439552,0.177706827601663,0.2062097577181052,0.0643991120555255,0.08973090437010448,0.1826158567402539,0.04637306841910335,-0.1712060757986743,-0.04061199555696147,-0.1144619273911412,-0.1817911955581448,-0.1062030816548033,-0.1917978621958975,-0.05463848844744625,0.12343500600164,0.05745472918654215,-0.1551008708144138,-0.007228235679440928,-0.1563731689253679,0.1821651560125586,-0.1859187865962018,0.05142333107052485,-0.0387541918315876,0.158699325578458,0.02848951340709842,-0.1981586826621172,-0.08009108317837357,0.1396379940744245,0.03902149673919548,-0.08446634206695744
-0.014639152985362,-0.0409112347818478,-0.1003521152477839,0.1485468376202365,0.00913308261173388,-0.04270387485692191,-0.07525266311404617,-0.07874229166185288,0.2032093450945415,0.200716209200265,0.1748497896864329,-0.05302169866199151,0.04133475630608244,-0.1330491710468145,0.1073340848620738,0.1678060880842311,0.04632696184424026,0.205659608031558,0.0261690666741946,0.183142856480257,-0.0129206637057449,-0.195993623596517,0.184959976266796,-0.007207907063215349,-0.004245274890107418,-0.002539444726535728,0.07771755522018088,-0.1047387281227866,0.02327464040834019,0.1765241205782284,-0.1797266799244504,0.09064457469910811,-0.05754397063152915,0.1136838436316855,0.1406403504230472,-0.1573268618051041,0.1406519825844893,-0.02559559199388435,0.08166958269090507,0.05798579404731621,0.09391655633207105,-0.1154593743745977,-0.04040959715393892,0.1156829983126304,-0.0235762022120957,0.01112486175309274,-0.1638408686258588,-0.05883452112806217,-0.002530455802836248,-0.03208776709480992,-0.07850862174463483,0.08140329647431954,0.158297367106198,0.1864437219254136,-0.002691335150199286,-0.09317027754817687,0.06899090476945799,-0.0486380115522484,-0.01396310093611222,-0.1143921040461148,0.2181883175062051,-0.1502140953402987,0.07585963872360328,-0.07563045021433153
-0.008629577372803267,-0.1715883286164998,0.1494968310263962,0.01476407924045184,0.09685400754921053,-0.1501680137167697,0.04991088074375322,-0.07620561182014959,0.08751428832677735,0.164760844681066,0.1129616396136673,-0.005562668120026247,0.2086019908355131,-0.01643262102616555,-0.1720604522561354,-0.01541689616841951,0.1366805561499261,-0.03046214287596857,-0.09842059115750747,0.01620999445173484,0.1248029832737956,-0.002325176160301036,0.005626321015909469,0.03954699171364428,-0.2033735092482082,0.07448111928828616,0.1249846721176787,0.05106130758682319,0.03778378276958974,-0.06433560809649827,0.05788867694267573,0.1242091910817709,-0.05112669517397356,0.1997876090246184,0.07780307332910316,0.03735520623339704,0.1138678815628356,-0.1517029260994336,0.005323451799762367,-0.1544926131060071,0.1185472436484138,-0.07914427301619686,-0.1329040742011761,0.139083551071166,-0.0645060935519905,-0.01746693873299042,0.04480374072085916,0.1553401979902563,-0.1175190891303192,0.1834871715908319,-0.1049993062783386,-0.01988007045002402,0.07830746861155097,0.1002315996097181,-0.05011299946181251,0.003421393729297171,0.1246003807309985,0.07696070415203182,0.1789861351681384,0.07929301118601685,-0.07827463205999716,0.02294894620208963,0.2038544907287926,-0.147483189327455
0.01258238757184482,0.04251620001613973,0.06589167991112034,0.07605240485383148,-0.1314849373908905,0.02584147170778937,0.1831741605880792,-0.1337810430119079,0.002360819599413818,-0.04914855426205039,-0.1119465059503336,0.1317538167341079,-0.07226155957301227,-0.1292314238475561,0.09324287880204918,-0.05484588338169714,-0.05434576125482319,0.0970067048955275,0.1093210102114406,-0.1939056402422777,-0.1951226479417012,-0.1542262824606807,-0.08781218146565355,-0.2097620783022849,-0.2172122191657427,0.1590300397391797,0.101006770130683,-0.1782398314823383,0.004452359785808889,0.03544138814892673,-0.07318262126753519,0.1504911048081493,-0.1298378086443171,0.04310071341627732,0.1778683466450498,-0.161810283044007,0.1910761031942232,-0.1944364185725797,-0.07946068011731364,0.03746175517921824,-0.1020888331072931,0.1576391650277831,-0.1525019449135487,0.1653798925045608,-0.01791677197542484,0.1278849752571726,0.1479898531151649,0.1828634195935718,0.02992377418057629,-0.1068058281486701,-0.08927235017959814,-0.1368818493135055,-0.01264454445085172,-0.03958683534051161,0.1071838158448143,-0.04021834374364175,0.1365239166036795,-0.1866290225342469,-0.01911854564088234,0.1758336135596238,0.07058737770240894,0.1196287282758276,0.0191286056437048,0.1355898726030174
0.1211323272078668,0.02011264706912777,-0.00415417144595815,0.1716564833862264,0.02624724824943873,-0.09574204835734693,-0.05512539839037998,0.07358624290267912,-0.1999355276241362,-0.1444619605858973,0.1286454641797295,0.0001409078803800058,0.1575569485986434,0.156942256279871,-0.1626520112306448,-0.1661280386890318,0.0818663592876606,-0.04390252965337774,0.003214148596557935,-0.001518224134568559,-0.06577452149612437,0.1199138995788023,0.02126296977495749,0.07591435466729879,-0.1679326041960478,-0.07948752030077338,0.05884361049448707,-0.185053347905165,0.1182599412475209,0.0995015429220881,-0.08517413968916571,-0.1264719066238129,0.1564122474086891,-0.09374848173261649,-0.1810935758255892,-0.032056004087392,-0.003452882605146152,0.009223435491508085,0.03002041000199456,-0.05615616538424382,0.09545664744257336,0.1723802778735133,-0.120531779752535,-0.02437791676804609,-0.1510470740415661,-0.02682824066889043,-0.183745884551996,0.04764475796452635,-0.07831511540472817,-0.0034698084205328,0.01708697320493661,0.02068102750597194,0.1983318214882754,-0.1251869591501502,0.07140744811180678,-0.03544487159987166,-0.2379452871100222,-0.193063143849392,-0.1549136417187439,0.01645467866470943,0.08805866139660233,0.09921709917835635,-0.1384462420811899,-0.1041673186190006
-0.06710054908793912,0.07623544244813825,0.1976648029224136,0.1665579591515501,-0.1392927787061642,0.0965119696974832,0.1664463538709916,0.06714911776863683,0.1756711472430147,-0.05284845080487815,0.08806602674841037,-0.1291213305373864,0.04476260502680758,0.1410298743142296,0.1930482175792199,-0.07695719852135811,0.1550547618596814,-0.1408851233770145,-0.06337375583398883,-0.08870393327034627,-0.1168903280347356,-0.06949320714265812,-0.05766643740567361,0.06591036468985777,-0.141545305484576,0.1601130338242381,0.09750607717661312,-0.06797220185279074,-0.1091876590081918,-0.1805405126595509,0.1440758699337971,-0.08537147094190006,-0.07256965795240675,0.1596346435128559,-0.1572682284655182,0.005735892221978739,-0.0633304263084799,-0.03298224779920207,0.05902141299533989,-0.207348181283052,-0.1364964105029094,0.005134860018003132,0.1054903774281055,-0.005179954382800052,0.1183538737277055,-0.1529180547739905,0.180935385963834,0.07585411774245386,-0.1658700980880986,-0.10855584120303,0.182191437278722,0.06539830261699726,0.01746574407504487,-0.02886033081112132,0.09596259528820777,0.1075716144177903,0.003806455194449519,0.1930537179793586,-0.02076805227620912,-0.01479431204362906,-0.1819697642596786,-0.07672436854156457,-0.07167660203403753,-0.1118885511799919
-0.1080532898125618,-0.16083970085489,-0.1967396187353138,0.03078247909149767,-0.02069291802496692,0.2085806558142725,0.1941316537870493,0.153676884510834,-0.05644675707393698,0.01822129576257568,0.09861060587860992,-0.107938295964536,0.1208362770871657,-0.1276450341206,0.1536654503215427,-0.1956165861985145,0.007720741099140834,-0.07110591977881577,0.1515957585338917,0.06862124118807751,-0.05616497919322349,-0.04413483911342228,-0.02583149120623884,0.007530729469146047,0.08271817419850622,0.133012214678621,-0.2212162835160966,0.1946340556999485,0.1074661892999426,0.133871100610301,0.1778887520083076,0.07094397479038612,-0.1044095258477022,-0.2043631425023459,0.1520157621980393,-0.03023529228472642,-0.1219266465036896,0.2040833603035747,0.1422360303525823,0.1417851231016183,0.003246618660451014,0.2064148056285296,0.0618086685346017,-0.02097581538844912,0.1701988503599363,0.192733614342992,0.02150538909653649,-0.1658944460653639,0.05950499622175601,-0.2187179622924077,0.0798304831542164,0.1412873483710431,0.1990622116855468,0.200677060897664,-0.1447377998779588,-0.06164587848680347,0.1987428343636949,0.1970521881816281,-0.104062332314451,0.03078626975000123,-0.01025141546587461,-0.1399850520393585,0.08250255045662053,-0.1122880937184883
-0.01420194312750047,-0.1790373414652832,-0.1569397543620412,0.1872843389934096,-0.02218056799163325,0.008583234930777209,-0.2099188539190314,0.08349939714002473,-0.1375007618742964,-0.1322217536213499,-0.1236685592376319,0.02155519286890974,-0.2049865621518186,0.2175849720487913,0.1367473513513759,-0.001108653264328231,-0.1373043852410693,-0.2314829911547388,0.2287194204089441,0.1078432879776296,-0.1845698336880347,-0.01455307508091941,-0.04902515314203636,0.04209214696040824,0.06373715352022699,0.1209234029896592,0.09800961050112172,0.1354994745939397,-0.02157013234181553,0.09335754680534185,-0.1604248060638166,0.1505941806243946,0.1109723598341005,-0.09744535511077133,0.01855382619822133,-0.04058741440259828,0.06048262936617475,-0.1589242086141558,-0.1351306897855152,-0.05523474771238827,0.0619356956099381,0.07481109460641848,0.05783428188744667,-0.1279176725922274,-0.02493541898875272,0.1046402013561018,0.1544212112539268,-0.1766102046081796,0.03321771590933274,-0.02193672892883817,0.179744674445621,0.06229889552604418,0.06939084126209165,-0.1130378232268158,0.152368436128123,0.1633821256741801,0.06421106938502917,0.143392525131214,0.1734381781801345,-0.04055312960014013,-0.1561389263521605,0.07615933735653667,0.01120272265214917,-0.209003695595515
0.04131104497321048,-0.03484411770715352,-0.04473606438901571,-0.1338593116083666,0.1087167014294957,-0.007484931794722809,0.1011627364535477,-0.07088919701470661,0.02085128072944908,-0.1245905087647527,-0.1557481566894766,-0.1110040278758134,-0.1295304035284884,-0.04860600900189938,0.1878377026368487,-0.01751555587896109,0.1704056412836812,0.1261807636529939,-0.1792354557794545,-0.14649932969881,0.09194899611926183,-0.05687463252893308,-0.1081582547349716,-0.09782683893046695,-0.124925807212489,0.05818363232803164,0.0218616851068627,0.07429637483627188,0.0225174017155219,-0.03331385138705424,0.009409356575634568,0.02489018989077393,0.1701128958132254,-0.00357275905798923,-0.07661126566024257,-0.01094779700288126,0.173537663153571,-0.04391616436937718,0.1979606073269895,0.07053805042634456,0.1704672859716635,0.1837454991143009,0.144527150001633,-0.01045909450959168,0.07266742935913767,-0.1990447934949548,0.1443780851934366,-0.1913432407110104,-0.005326035932155283,0.009604958314215708,-0.004680195601711522,0.01997923288512905,-0.1378196222638308,-0.02259768930044496,0.1520560069173132,0.1501095310300641,-0.06153156184739624,0.1831731360147877,0.08259704790970845,0.1337808876621811,-0.1514795122455064,0.01513263501445006,-0.1826117080406895,0.1257653886668524
-0.1498986648457755,0.0002992143450557369,-0.1803202988921607,-0.1208902022686319,-0.1127846466977699,0.03154465916955146,-0.01248687810437263,-0.1961010797147084,0.04856245832529132,-0.1193244621794669,0.1961338548587533,-0.1948383889916945,-0.02217422405481599,-0.06267651309470175,0.1457869460508043,0.1797007070940093,-0.1899009086480218,0.01121170691344178,0.05964641435632204,0.1815025136869658,-0.06157963463482995,-0.01519173728767042,-0.0922984384934547,-0.06747684664272766,0.179212049033708,-0.1319796360079811,-0.2265630668608025,0.03316782722472128,-0.03108901889778801,0.089144937218628,0.1713926189847938,0.01156630655332068,-0.008202787423391689,-0.1171924424984846,-0.1602280310556143,0.1045789493155387,0.1689842465477688,0.1014208058728338,0.1338307510449875,-0.2001428661633302,-0.1716130957431544,0.1015100205421631,-0.1753737122041094,0.0223759357244723,0.02420811989036768,-0.1920831773311523,0.1740937001026631,0.1014407267758593,0.03592029670957284,-0.006970813278952527,-0.01289474859802483,0.07319568452859478,-0.05232810478537955,0.195176394058067,-0.1306782294551818,-0.2212700420218693,0.1060039339443138,0.157109115858202,0.03217036688276721,0.06826622536481129,0.1530468797642773,0.03697183276151838,-0.1045072263238993,-0.07236156194939714
-0.198888753279036,0.0458719288806882,0.2004972445092692,-0.1372167525966578,0.08059051141226781,-0.003507129964557331,0.1245836831738451,-0.05349298714546731,-0.1243748575197184,-0.1345041620112745,-0.1646128057706942,-0.09330405655864173,-0.1958985985219516,-0.04777593750219068,-0.120523348389086,-0.1872907768390943,-0.00163003345458547,0.1412541305639589,0.08753084240816703,-0.03245759971495245,0.04779189672907153,0.1175131330226158,0.008586828734812254,-0.2135085632062146,-0.1297712844931234,-0.1787188607732122,0.1603414369893072,0.06860037663010242,0.02416584613889436,-0.1636730523966791,0.08091005929719304,-0.1403914872325705,-0.03636046609036842,0.04473094070242321,0.05313037812436668,-0.147670685353462,-0.01168866925930653,0.16201020710692,-0.1877755364916392,0.03185076773898349,0.1326895784646795,-0.08654978449388172,0.1172008279623972,0.1678395825910774,0.1097276553156632,-0.1401352795175559,0.1459009948463758,0.07844146535811246,0.1683366345133247,0.2056939848500073,-0.09114684527367983,0.183364339950407,0.09876934752880719,-0.1263628763941122,0.03834715449276575,-0.1922929089447375,-0.09219798389035837,-0.01868385770164904,0.08067144836698951,0.1169418803907001,0.1586516223015254,0.1504510871014279,0.1399636413685925,-0.2200208740140057
-0.07751238909680724,0.1839526991329898,-0.1276538838701964,0.08600642875501659,-0.1895575875880589,0.1134062665693016,0.1366707508005612,-0.01032476663650257,-0.1672292544631989,-0.0938397112604295,0.01198996111909203,0.1538924068872227,0.06098693834818974,0.08617971087716744,0.1919259456960846,0.1983689177172487,-0.2287212826479319,0.1959836619858065,0.1560734152553705,-0.1926010085516252,0.1113153202171341,-0.05878199527644542,-0.1928416729684098,-0.1294928634202783,-0.04236691252234363,0.168283757860945,-0.001697883438193474,0.1094702754724338,0.0006639596520402791,0.1240766533224707,-0.1970355296678763,0.09641196988908837,0.09996761703308626,-0.08220230061263452,-0.0582082845496979,-0.2012671194119499,-0.05360424836832028,0.2017902450807027,-0.02233639536055391,0.03244734692997244,-0.02992142737624441,-0.0806892544642637,0.06754816517071908,0.2077417297225727,-0.01112773875050382,-0.1530904683416597,-0.146278628109826,-0.02794058909804907,-0.02325935079307291,0.1960658531512367,0.03168836381631451,0.1302717549656006,0.1828278402661589,-0.03481981991495047,0.1116453044414736,0.2176530807382894,-0.05234575088505342,-0.02687454782489021,-0.1653185388664064,0.03153959505296187,0.1322253318250927,-0.1567599237986466,-0.01469915793278083,-0.03609941673628713
0.2177155490037024,0.1489624532391981,0.1865204476843567,0.02460321478578351,-0.03536331954730216,-0.1992063952584342,0.07143403814178881,-0.01208697791399116,0.1734760822201608,0.04562478915151872,-0.09373534128188118,-0.1323551774412513,0.07459366803362863,-0.1337805518370091,0.02846947255998735,0.1081429893480024,-0.01094535869101552,0.03387308094464006,-0.2334450346562195,0.06765974099638533,-0.0377431604722617,0.04392320682392475,0.1205194034169638,-0.1321869489560367,-0.1226552426638887,0.1143997824724845,0.1688296278972704,-0.126495421660581,0.2011055187740063,-0.09774147266131096,0.2361474891991745,0.1773345448582517,0.08610479310787329,0.1459062344195614,0.04768781025056928,0.1541531423047852,-0.185882837819179,-0.1781798085364479,-0.1329563551318218,0.2193380679843067,0.001392856782524515,-0.02544532157368514,-0.1114678209086645,0.1021484425160023,-0.005001268672721018,0.1883828179144191,0.01346957597677298,-0.1486241683938654,0.0765417448875033,-0.1028365117659214,0.1953253426815921,-0.05869688111612724,0.102681063662712,0.1829445196577179,0.1438491332776604,-0.1523813734696053,0.2148893731917828,-0.01815213465442098,-0.06893422461279566,-0.1494888455202083,-0.1388881892666942,-0.1995235169965833,0.04943471408961721,-0.09811753771275093
0.02232554326019473,-0.1055662553218178,0.1775605762529554,0.181691210781902,0.06056972203243215,-0.1005955796516158,-0.09729733248729566,-0.03933375422177184,0.2050193088028308,0.0004253371597292126,-0.1523111507423505,-0.1030828859595736,-0.1964924293130451,-0.00201590883035455,0.03448244497932362,0.1898159229179497,0.1385298238810142,0.1213984059295847,-0.1309454707766176,0.1887649477006687,-0.01484444061859938,-0.1227431451881313,-0.0944596173224191,0.08924029411795649,-0.05990138303096227,0.1799927007235589,-0.2276081250753766,-0.03322231205232327,-0.1286374791971037,0.2118345522343941,-0.1515071883398029,0.001373885599232161,0.1656204482873533,-0.002476586292624998,-0.1200517358478139,-0.02599272078294324,0.05568313411533517,-0.1256834877585412,-0.07548831236031769,-0.06102362833016137,-0.1941518449645742,-0.1598035754121176,0.1093340787079451,-0.08714280162049555,-0.06870419750213841,0.1913421259098208,0.1913105645680635,-0.03169634764503564,-0.01342847619087108,0.1594221091316448,0.09368464291425682,-0.1070732312301357,-0.1488925060460067,0.08156460341696121,-0.03468183645585843,0.2254557795967628,-0.07193794038796709,0.1072103423679305,-0.2101763943733633,0.1355427424719093,0.1234006292792109,0.07138321756591186,-0.01875432600373502,0.03112587784352211
0.1542296501318911,0.131116029218579,0.1359692637041059,0.2037318990777867,-0.09207176727828539,0.1778569000007071,-0.04153707210174693,0.1328401667470281,0.1776052839785858,-0.09815445291143658,0.05640443434159742,0.1988980673488895,0.04218336020468261,0.1323764017565718,0.06132870765556257,-0.1481559829002175,0.1804982769584657,0.1927028848776929,0.159840268689498,-0.05474844113832546,-0.07287859540295435,0.05153190954348835,0.1691082468913691,0.04350524811777119,-0.04831099487530757,0.1417895349205286,-0.0925260922781502,-0.143900299438711,0.07983740843410055,-0.1631971440506714,-0.2075467378331327,-0.04027200552995099,-0.06544791929040449,-0.08512133467369815,-0.07368517158787186,0.03048955257711476,-0.1544346754079973,0.007177679211634961,-0.1813889439811681,-0.1522381158688469,-0.1805518371756401,-0.1106328057597855,-0.09386892182768238,-0.1847502203584106,0.09856446730246353,-0.1944703839497983,-0.135647386030672,0.07436070331028849,0.04543109076146611,-0.2337861055463014,-0.1463089500136193,0.05675602324664746,0.1615274174544256,-0.158139977501253,-0.1481850389676692,0.2525931871559411,0.04599700844017587,-0.06965150764209586,-0.1566255475057741,-0.002413918431417447,0.07989305705931697,-0.005318142156356778,0.009872542165234541,0.142089606943157
0.1919893833414086,-0.139937666187082,0.1449169689139277,0.05257077053705059,-0.06187920651881466,-0.1307386513453407,-0.0817726603159816,-0.04377639333429419,-0.0183965742798713,0.09045883947254907,-0.03108184452776089,-0.003629603481502696,-0.1881078808355854,0.02751737734076773,0.01969888933184301,-0.1780097521486202,-0.1757321604700212,0.03023256604351631,0.08998027625685479,0.1443898764975491,-0.00202519676411688,-0.1323250282557847,-0.1204292634956439,0.05885742295056632,-0.0548556245964834,0.07583766064244567,-0.1770177143017108,-0.01668916363400378,-0.03403059447835197,-0.2212533760238584,0.07271054718335924,0.08403091673217206,-0.08460713827215757,-0.2239401922992146,0.02208964026602788,0.1597380312114513,-0.06987714141421127,0.1762079769156289,-0.1920513297442632,-0.008461713852178789,-0.1743804142805521,-0.2032300508995701,-0.1975499285478189,0.007173633404147484,0.05191768870984203,-0.08912601637747967,0.09735478513380703,-0.1896616195353526,-0.03771543912937882,0.1383862586175348,0.09571196620196649,0.1590432785452729,-0.1212036682736943,0.001041542844142895,-0.003782739234292043,-0.08289057780744823,-0.02623963058399021,0.1883864618310077,-0.2072045990841856,0.1462397584821741,0.07780998345545763,-0.1600802373902584,-0.1454189283908656,-0.05839964491593366
-0.1109111671242459,-0.0203296283233157,0.1612592498247445,-0.1302831614874858,-0.05787233595872358,-0.08949918664900149,0.1533393425307344,0.1668845373769543,0.207127750042592,0.01347980235238598,-0.1337612368771903,-0.04612369808367518,0.01253571790241011,-0.01841539487033694,0.02858179122630218,-0.1370791720046187,0.02150130111045573,-0.2280657808490135,-0.01515494772448543,-0.0642672014614224,0.176583565961178,0.1764640763119466,-0.05304603951276241,-0.162299979608458,-0.09842705765182271,0.1623833178039094,-0.2259762798929322,0.08501258165610814,-0.09704104691317521,0.1009131584932841,0.006113572842804478,-0.1641998162984404,-0.2052796987020396,-0.08529957099555688,0.05060789114387271,-0.01731041434147,0.1272515276617436,-0.1657238753933396,0.112991116729624,-0.1759348282832394,0.05717669307852317,0.1513114348498178,0.1631908291510201,-0.1131461392729416,-0.03675490576201531,0.030126486464757,0.1485148748931909,-0.1304620414549428,0.12643403664053,0.06591623942866615,-0.1227389451650116,-0.08167384214203841,-0.1141807705708954,-0.1717315668116964,-0.09136578395040539,-0.04037230349421866,0.1591683420881035,0.07497802786188408,0.1033161516436829,-0.1686256628697897,0.09344433899922214,0.04302755342788383,0.1194276097564389,0.03299141441579533
-0.2304771033504274,-0.1635295302602433,-0.1345393237981452,-0.05588538849552812,-0.1866174091068055,0.105011250799694,0.08034255559254558,0.05229421929427605,0.1477956314340223,-0.1917171470388959,0.00479409540773686,-0.0960237951184289,0.2045620091756135,0.08770124537016068,0.01755402563894142,-0.05786639090395006,0.06131664156835968,0.007909401667409253,0.02219135288920636,-0.002246192781022261,-0.1745107370974278,0.1806852460529143,0.09294698843255311,-0.1062344045791187,-0.0687339577711731,-0.2032735528604669,0.1364991275509917,0.1765486983517257,-0.122763168567173,0.1180586489335581,-0.03453868627709559,-0.1757882310845229,-0.07586083887849042,-0.05644622671634929,-0.1949808202804872,-0.02289294459391608,-0.1408839547290233,0.08403010157062128,0.05767020414107077,-0.1848764168934565,-0.002832885277206781,-0.0867240427421512,0.1750045020983584,0.02467889263820214,-0.06547634686087037,-0.07133176993788513,-0.124235119874451,-0.02611085615378425,0.1237407394615724,-0.1920405863521459,-0.1321929450246057,0.09962438106763095,0.187734944063382,-0.1687252595726288,-0.04417705285395403,0.08927215853085588,-0.1734320247894813,-0.0559170334131302,-0.2101305395364083,-0.1670643261711993,-0.0343611203884071,-0.04485968741960805,-0.2007512976447568,-0.05231636644053136
0.1700597003073382,-0.133825273917349,0.1070457676326627,0.1360607990155923,0.05829377725368597,-0.09438761511742187,-0.1839527003295975,-0.005295852904411226,-0.1418471062126072,0.06642756386974749,0.07527585466963629,-0.04347225418535656,0.0103760335869666,0.1057231384103789,0.1782962664891724,0.04005795593668866,0.1930461906106355,-0.1592411177461557,-0.1651753620378798,-0.1697835479293865,-0.09100602850072372,0.1327438853892559,0.1412628270884341,-0.002046258758027411,-0.04274678856604636,0.07626345680185231,0.03397508730329361,-0.1501200047058509,0.1066639144212853,-0.04273860464195336,0.1925900253567129,0.1508626464641984,0.1965276606903424,0.1020739532728061,-0.06868286593418441,-0.0753095594288912,-0.02379033193995349,-0.07223206050694354,-0.126018072849802,-0.1000363918689691,0.09415908864527503,-0.02843014486600801,-0.1761993625883009,0.05137211972928574,-0.176373199124262,0.1623821997397943,0.05898491921120787,-0.04977033971733205,0.1876849698798079,-0.0150381578612241,-0.0727562256323197,0.03748141622360392,-0.01175150346342857,-0.1035964065916506,0.1658022935777489,0.1166606595183911,-0.005268369578141275,0.1734336062883681,-0.1707448381525336,0.08850037016523001,0.01876299008993329,-0.1509220209755911,-0.07984875042174173,0.04545844887547439
-0.1920893467432139,0.0287700840478501,-0.1818681028028303,0.06812107142589487,0.1932063532193982,0.06978938809964695,-0.06067036255970523,0.05413927739010627,-0.06443381299471147,-0.08139045577143658,0.03466252885094322,0.09087831767700329,0.1668094921656088,-0.04506963421289586,-0.1153023689170102,0.1617517776612974,0.0198454345931731,-0.104387792592341,0.001140818453116043,0.1943421491634517,-0.05750215296572842,0.195484972076171,0.1298118061812359,-0.1441692977991255,-0.01787971738235452,0.08572123075376274,0.08575131483498612,-0.1339114755817437,0.1723892138312699,0.1218881378206036,-0.008754049739641079,0.1982053921274513,0.1976811545487242,-0.1158292935886471,-0.07110714140289409,-0.1885760927374173,-0.0882660164655469,0.1911531548365847,-0.1765157505920658,0.1962171626986987,0.1750032814175648,-0.1241081290212496,-0.1818611233134403,-0.03387354372464969,0.1030843287841417,0.1306131190407716,-0.1368939925806281,0.005768463442226161,-0.1640789226009734,0.09277828203867658,-0.01482323851817767,0.1727499450159599,0.1325184947859818,0.01011611285164041,0.06872042198343828,0.1950383170922829,-0.03983693422178667,0.07114983566080874,-0.1834940926931534,-0.01901600289871866,0.04578335908378217,-0.1457154627573677,0.01796218152720523,-0.117684769879997
0.1858750495498812,-0.08167606760862813,0.0623308057725491,0.03975062976443219,-0.1755341192931132,0.1614551985206004,0.06774803924676163,0.2158150069500502,-0.02353746875092367,-0.1023382975208109,0.01982468058210159,-0.1559433285630034,0.09840581388909654,0.01803839368165158,-0.1327423855913357,-0.1249212725023056,-0.1817954379299497,0.06575692878241325,-0.02978459135264104,-0.1661800551507754,0.07766836189155875,0.17880112937749,-0.07974936610173994,0.05432870820752189,0.1966791948931059,-0.08934850468553188,-0.02313583750750042,0.07667508859920627,-0.2059793055915536,0.0575663694117161,0.2087180278096842,-0.05023963600893495,-0.1893938305150699,0.1068848585944298,0.0567789756764847,0.03917542354917453,0.1656218086736944,0.04957308078039557,-0.1138860997680659,-0.1510052820623737,-0.1499816892639526,-0.1397291116859149,0.1450821956611391,0.1192997783177272,0.0934401847165762,-0.04364208641205611,-0.1151230956317747,0.1836352654894931,0.09197565179481852,0.005519279073637872,0.1905208827827677,-0.001073930803431524,0.1709475683529641,-0.1598710775041455,-0.1230737065532564,0.1705065673742082,-0.04394763938731509,-0.1682055906000135,-0.1391017650245416,-0.1520348824609089,-0.1234384624987494,0.1975552877740987,-0.04526219060945631,0.1462158688758356
-0.2049145912390212,-0.1633003187408544,-0.1488934283842555,-0.1967839813204194,0.07759009471622386,-0.1208651510710107,-0.02033280306319168,0.06933778866453547,-0.1022406515894589,-0.1605034563662608,-0.00263425202028577,-0.09522545436516804,-0.1124053738388484,-0.1902330836539531,-0.07809377862718811,0.008840831288247192,-0.0401558913555417,0.08813104054175515,-0.06294167979452094,0.06811644648567254,-0.1728833019568751,0.1385925637000037,-0.1851744945067353,0.1695680226751795,-0.0153435246796809,0.1109063652784143,0.06440460919963334,0.008424943373854955,-0.1002454566395316,0.05927672883607205,0.07781669810904003,-0.01296950797962857,0.03783825433943212,-0.03093256703059016,-0.02910211934991179,-0.1943380113109093,-0.03279476866017878,0.1616643326110563,-0.1374273748092893,-0.1470668330009212,-0.00725052983114576,0.02028386277282558,-0.09928831825383343,0.1011215451714747,0.04016461324964274,0.02309378994412828,-0.01805530811828023,-0.1591291441905339,0.1716365457273796,-0.1384893544258767,-0.06810060666167901,-0.1116684798707283,-0.2003808341246054,0.09691077473931826,0.1082592977991233,0.05237973247839548,0.05851556735479889,-0.11674527040112,-0.009774312385750075,-0.1764834221765972,0.152852579426994,-0.1290694124346804,-0.2089382231906232,-0.09582860633147482
0.02761877546241209,-0.01881352145275744,0.1330018537691893,0.1113935730252196,-0.1639534697603743,-0.1546363863031691,-0.07312624734911745,0.02532221891869328,-0.01211837019568505,-0.1094006802637216,-0.2006501274659435,0.1530606426581085,-0.01235070633541663,-0.1323240184700079,0.0357958413959386,0.002408687853342539,-0.2000896724200536,-0.06446093505381009,0.1450919560435643,0.186969806137499,0.1255584851907391,0.1520948315808669,0.09862154621631423,0.04567221063579621,0.02755779600914117,-0.0158661477791848,0.06498992480923521,-0.05693171578847862,0.1016363265119703,-0.094376388152214,-0.08607604114211699,0.1775799046229229,0.04580529573481178,-0.09108353276372243,-0.1464918245526878,0.177236439910287,-0.1570883691171517,0.01355995556388953,0.06515478560647886,0.06370278579613707,0.06563239493175005,-0.07488276260660001,0.01456042050372066,0.04042950342587606,0.05499812035390615,0.1181109744867842,0.1735675962155926,-0.04192347094116008,-0.1061454806346706,0.04386189353019862,-0.1046925149802291,-0.2064270719954342,0.06389440085318869,-0.1633840837781172,0.02201517506122144,0.07050881973061399,0.05746600641332693,-0.07268148649443648,0.07134559922117852,-0.1587887549067264,0.06909922736085881,-0.05403435684424263,-0.1556231509898923,-0.05541491638135734
0.1085312743379123,-0.1596467959172987,-0.08939444949000012,-0.05541700708280107,-0.03590171544139092,-0.186933437460358,-0.04967852286682668,0.1951906797312426,0.07407668362187091,0.1321416445470004,0.2040726231985746,-0.05915521883195064,-0.06681626247970482,-0.1673583714584248,-0.1485257062002978,-0.1601123257634616,0.1100153424078881,0.2210007259866776,-0.1880314567676651,-0.1271661204749967,-0.1262939639558223,-0.1796822306404394,0.2029274908108713,0.1590408925478395,-0.2121855361515846,0.1043749614754941,0.05274078922280609,-0.06771745149086313,0.06590320264820695,-0.01726565614537676,0.2024043319087843,0.003602665908543724,-0.09475160297167057,-0.2323382918600608,0.2235119869820266,-0.08934839763890404,0.2075622117958584,0.1418344217259133,-0.03730020973273534,-0.0503692378760102,0.2007122029113107,-0.1461647319285958,-0.1853189287157637,0.09675556371288421,0.07096359674883683,0.03474948914049938,0.04588692075974707,0.093273124275893,-0.004569133197260531,-0.1027219434279451,-0.07863346557163126,-0.1647396777324382,-0.04324162129072024,-0.02298530095851887,0.1086875535106659,0.08844575851251447,-0.02512479258348814,0.01974946660096048,0.1690360123704067,0.1792516817727509,0.2110665291467306,-0.1484012737630399,-0.08187071024760692,-0.1581662542394304
0.1805139779659534,0.2078142644223644,-0.1351819352047703,0.05794752458325027,-0.04536673284997645,0.09560526607800164,-0.1851239097568933,0.1586183347480314,-0.1038865493192203,-0.1862735972938538,0.1801300302740834,-0.1798068700433694,-0.02423716444344464,0.2148028961397742,-0.1421639224986867,0.08685474114854441,-0.09460904639266791,0.05511944767638236,-0.1377319183817942,-0.01669714109919932,0.08634970208352345,0.1362751310545051,0.1332648803178348,-0.03212580339521865,0.2107940876405309,-0.08941809554650601,-0.07482941928252368,0.05272053266477935,-0.06184607934545749,0.1614106720047745,-0.1386164869521586,-0.08102330455865557,-0.09494857112512062,0.1253748482833346,-0.07910173577460096,-0.1779304835941847,0.0169641347272721,0.1509117986421899,0.0310727422045502,-0.1577189933715779,0.005736740427480696,0.03937223410065317,0.181775781366309,-0.148618736512468,-0.1656816965576271,-0.1391733952684374,0.1689948179112173,-0.107390181521707,-0.063820039197928,-0.0212127843937111,0.2219079078328652,-0.1231632518418247,0.1861529870050787,-0.1190095682547535,-0.01912489290529114,0.1569678708247225,-0.01712190367568692,0.1151948273939297,0.1032437018454112,0.01852443001429742,0.1750005164326719,0.1760076763482362,0.1781132009055273,-0.0532021455234663
-0.200637651802767,0.07359853456997843,-0.05577941078377967,-0.0267368147881948,0.1485532455412383,-0.1766800496642337,0.02557101739906077,-0.06751187138078761,-0.07051200910545428,0.1924045127370918,0.2061773276017516,0.1914747732529947,-0.02782661667704496,0.1569860544660708,0.07403368380521458,0.1069939553188673,-0.1101583959693196,-0.004460133804895531,0.03029062269269938,-0.0714979682768818,0.1489645416098766,-0.01258278340492528,-0.1307799419015878,0.1214813818993863,0.2252227096010932,0.0001113053626947907,-0.1332532319837448,-0.02995013314363434,0.1728061183642435,-0.1192776620871838,0.06434173336433052,0.1929395246244418,0.1609285607485465,-0.1026492143559947,0.1653847109843735,0.0216124017290412,-0.01148557680004066,0.1310256289796476,-0.1812888929772245,-0.1694454585040708,0.2040417100455173,0.1657336813602573,-0.169465305038962,-0.2145432954850935,-0.03932121299111737,-0.05015556573697601,-0.1655780967087758,-0.2044834362190431,-0.02303607166611037,-0.181909990042606,0.09368995810021941,-0.02581732147974256,-0.1748811862670905,0.1113444652942816,-0.1447546641261187,0.07452554125065763,0.02854808319403428,-0.06801247705495767,0.1085379490542042,0.02503879426879273,-0.114970570930454,0.01246721999759102,-0.05888577857935684,0.2116568157636274
-0.1994565080170438,0.1696980173132211,0.1062500687087171,0.1518029377751514,0.1273211182037659,0.127020285573613,0.1542281625383859,0.1379700097178173,-0.001437876437537796,-0.1400506538715229,-0.2093565066777727,0.02588240032048752,0.00770704963407569,-0.06938536243478274,-0.1142654362419004,0.06720316349596317,0.03168913313715226,-0.05347912722011041,0.007739785453141463,-0.04415703240143672,-0.1878614634602257,-0.01230555044601214,-0.1533999148302337,0.1369737385926707,0.07994747627986619,0.1382992040188731,0.1540750040127233,-0.03467782794539188,0.008500288295162741,-0.2097982265035173,-0.0334292810447011,-0.1011943359002165,-0.1474613834013994,0.09965267070183521,0.07336649286526742,0.05601781251745541,-0.06327964918255384,-0.08200708333356231,-0.02128179701057649,-0.03250084477866208,0.1824393215164437,-0.1904898285808207,-0.1746740970562607,-0.1167508005971053,-0.1817482706797708,0.09555938869785346,0.02633669387107288,0.1309753634738298,-0.1724880537805235,-0.1440683484283165,-0.052267127420064,-0.06271617945537013,-0.02566246814950343,-0.1858805507793262,-0.1960833916759953,0.1055963493359215,0.09597661548307491,0.10642025123619,0.04771321400862456,0.1187095813056991,0.2020286836575145,0.05683316004232509,-0.06149747172612038,0.09559531726465029
0.1752743149873949,0.02153942223686918,0.06552957473957825,-0.005772604744712038,-0.1788193676507906,-0.1540193933852221,0.114761694249786,-0.1829286518161099,0.07151144184701984,-0.180278874163098,-0.07853309834015816,-0.2099963713667355,0.0719962187816782,-0.1434487293321508,0.1905428202477049,-0.124129093634657,0.01155920798556464,-0.1902430566893845,-0.06031584372269833,-0.1641190530246829,-0.04401549271580297,-0.1909904392239642,0.08782614724227004,-0.01195778320994594,-0.1137558138370219,0.1358371185003428,0.1640749900041499,-0.09063088446078661,0.1338987811161158,-0.1361059352863597,0.1448726755554325,-0.05377313283724409,0.1117725661025382,-0.05241304895021,0.005411896358939075,-0.1853981032301108,0.1210400592503185,-0.1355636240281242,-0.08677470965127727,-0.1545150242588107,0.06504348627505387,0.1985943455608959,-0.1424994814799745,0.04223256961614085,0.1639252261131154,-0.017199964833752,0.1686382694473237,0.1183535166812948,-0.0725194427664427,-0.09149944772240465,-0.146871591584874,-0.1239746824736846,-0.08309603725635521,0.01137410182404226,-0.1126206716226621,-0.2446344169830852,0.07054339358194939,0.1244685297264894,0.02914259911243387,-0.1963512507091235,-0.04388325237408084,-0.1095641268984567,0.1764970149944742,-0.1485362495375276
0.1209173822448343,0.1531491563268178,0.004343515989764328,0.1056587719584677,0.1396105320079616,0.1564654407390667,-0.1807229009935892,-0.1054841391528287,-0.07327201676489078,0.118950067677272,-0.1451014003795925,0.1641876232692155,-0.06517185587286141,0.1094094012756181,-0.1080080853522017,-0.0686532068046956,0.1053866858743811,0.02781041340549161,0.1546349556452069,0.06429115841238545,0.2110045522993506,-0.04782642409302541,-0.1550471829314071,-0.2045610570780695,-0.09175585093539028,0.1208368911649315,-0.08084424751671083,0.09634086339055573,0.03486408083504412,0.2000880199899043,0.07990839815307316,-0.1870367941618477,-0.201228738444175,-0.1652020114926122,0.2075747530618106,0.01008052144761229,0.08241480161618293,0.2041196502578509,-0.1805985256866685,-0.06388530367374229,0.1732490880331538,-0.08090342143124582,-0.05902225992601269,0.1555962496197089,-0.04107419996939198,-0.1175297925941139,0.131809965975508,-0.02557389375678745,-0.0004993772490415951,0.1823822056059801,0.09048114966959227,0.1826329970074026,-0.1800998374765497,-0.1754705496813107,0.1501930154852555,-0.008176173441039214,-0.07354685428349376,0.1188063981508206,-0.006761210777674911,0.1575065238144471,-0.2197966694792832,-0.09517958655275595,0.05135237898181274,-0.048387693983571
-0.180978651953751,-0.2018679156113863,-0.1201099872574247,0.03120334599718514,0.1793012588995109,0.1990757828011894,0.1343379999419173,-0.05052987562303494,-0.1656724636574057,-0.1967540495228352,0.09065858604637535,0.2074886332368224,0.01878236302731806,-0.2008963025804916,0.1010016839159837,-0.1783432898689494,-0.1674908647316971,0.03432221903657354,-0.02193322979015635,-0.1684855252977877,-0.2079522964984154,-0.1655044699282322,0.1286573774558005,0.04439758885166502,0.1004340235141191,0.156896187272477,0.1472433055904704,-0.1706322927465113,0.142809373374346,0.1000226542320036,-0.2209580087873783,-0.1483471512928212,-0.1946579143490431,-0.127851780160412,-0.2095161307538258,-0.1139404026772611,0.04092463633548206,0.04402208945198709,-0.09759152845456513,0.107681161904915,0.09020822986931207,0.1788916115464167,-0.1946004896410274,-0.02221792045940481,-0.1309877562291398,-0.1340552673923494,-0.03814875309741027,-0.1853427376974197,0.05262028683329902,-0.0486907760882108,0.07141035064315197,0.05595851785964336,-0.1053721899233564,0.1735302771685087,0.02309074146125529,0.04137618755131901,-0.1507761749422946,-0.07410087992535172,-0.05162257690736841,0.09535026487617243,-0.1467615647649398,-0.02038468612307096,-0.1450634558214286,0.03406098592021852
-0.01728273379007395,0.1678061339595365,-0.1697426066951003,0.0304380671333865,-0.1500726060420588,-0.02089400919513924,0.1940926397057604,0.01202437226941528,-0.1818963334417088,0.07301827772707495,-0.0803213099811842,-0.06710205416456755,0.1086475977978067,0.1324570713961288,-0.1090346628436798,-0.04634412432257958,-0.2157720855580615,0.1980460147314592,0.001334939664477322,-0.1381808503373734,-0.1894895874622725,-0.1593933337135283,0.09134997535576186,0.02787513702663518,0.1303663943223738,0.1012939473411047,-0.1086691551560189,0.1750956853731724,-0.2185273934788481,-0.1216276825238387,0.1283123652737023,0.02939113872971038,-0.1300807600995578,0.1684922800078626,0.1006834756695708,0.05550109342864787,0.1741020399082425,0.1530818022990142,0.01134411006330644,-0.1453047228232919,-0.1607755270188975,-0.1499434805298566,-0.04846866474736623,-0.05453613379453633,-0.1366444550130479,0.04914086913991744,0.1736491963753781,0.1287548795374335,0.1281864534744578,-0.201714684658007,-0.1588407648501137,-0.1063176449160428,0.06704934365748383,0.1907326890246956,0.1341305418994948,0.1015785911046849,0.2132771712623257,-0.02837583408038729,-0.1159329899146765,0.0645216069887762,0.0269638608320381,0.04134451817879391,0.02185466248648375,-0.1238056141296869
-0.02056826146040052,0.08760852368735424,-0.03263223233335021,0.1467280722462597,-0.1062718981177178,0.07763100448770051,0.1115746135604882,0.2048585780618175,0.06518688661768572,-0.199039787365031,-0.1418123928625329,0.2117396764593304,-0.11577567085269,0.2129982354957023,0.192281281466902,0.1496526966968022,0.1365607055462504,-0.1367950037218641,0.1068371618061125,0.07559415311488596,-0.199133680076025,0.1871736094381411,-0.1464232210689014,0.1057099117727549,0.1374662004001659,0.1976461146279507,0.04032966516679305,-0.1988956164102337,0.1491521906150727,0.07058963772916385,-0.01704884829378041,-0.1678417758245093,0.1689665928040851,-0.2149754435643763,0.1329384335619027,0.1035303855847613,-0.1754522950454137,0.1019617753838944,-0.004379848455626612,0.06370486152035619,-0.0218264266093193,-0.1096019539903422,-0.1964356116318159,-0.2247120720327644,0.06884462086641401,0.205878869208414,0.2058967427644801,-0.005531671635989555,0.08855570228557419,0.1076400735845421,0.03374995644912198,0.1771343711179264,-0.09794651570534185,-0.09135725664320342,-0.1936706519887932,-0.0964926085045458,-0.02745009556938518,-0.06023728893476919,0.1270823868618511,-0.1984586853177643,0.03693543773419487,0.182782981122518,-0.2156491929752987,0.1544790734309291
-0.09934707951151057,-0.1637741278696796,0.02370073871307858,0.02772965202098161,-0.1739106711498722,0.09099697161442376,0.08679310422056583,-0.01108603563773967,0.2013610495389893,-0.01987625050480836,-0.01304442251673622,-0.202298411492423,-0.1917286380613776,-0.08979529005165085,0.1705062610704675,0.1493714413270135,0.2019230013869541,0.2065561823544309,0.0331599624561032,0.09450780929872281,-0.0783219975837872,0.1177891314915927,0.08709987078278465,0.134939372638695,0.1314819293877608,-0.06152350402667578,-0.1539036204105545,0.1463795146580334,-0.09878740092754412,0.008620735728247982,-0.07626911108886845,0.068741701360652,0.1395065225099162,0.05214127845973302,0.1933573857290599,-0.1078862315322735,0.2031047075930279,0.08743943285382386,0.08495533160635702,0.1029119740570962,-0.1658987527854234,0.1149832294907373,-0.007784041842863231,-0.09797673070810743,0.2075232923871194,0.0444847528303935,-0.2065363644908806,0.08764939539244626,0.1319843376854881,-0.02903020780778192,-0.1573193785618398,0.1302005896583086,0.05930538829582663,0.04214290034568117,0.1773472107716259,-0.05327252364288475,0.09882949810795706,0.05774328811378024,-0.1134518472321703,0.1760096743722676,-0.2214957480478107,0.1876968154714062,-0.1792519512134033,-0.2000956603552322
-0.104089147254389,0.1627072400314344,-0.1772088932704184,-0.02952643795343973,0.1759233275777459,0.1510395596157021,0.03532603494760184,0.1485130289635946,0.1928895079244159,-0.1687259999910998,-0.1398872675555931,-0.07333081137643231,-0.02966540399001004,0.1791544780569133,0.04902576303309591,-0.09060708655426242,0.05998178863253237,0.04510878449774065,-0.1615488508594357,0.156767118404628,-0.09249949088505999,-0.05995440417026304,0.1639174286739761,-0.08964176067424201,-0.08025034077273668,-0.1468886854492301,0.09061144640972638,-0.09916609302785095,-0.006154559204628811,-0.06888205884395349,-0.04668959492825627,-0.005760676406058718,0.07654928181730704,-0.106058509040996,0.1777831203341573,0.14659110277702,-0.005836130595160084,0.06113886855190769,-0.1894978354295445,0.02803887001758775,-0.1418517742907733,0.1316408013629459,-0.1896514435140454,0.2230498578503983,0.1657558785899762,-0.06462641755127638,-0.1262261528203235,0.07210100567597709,-0.03734765542892365,0.1023719973447896,0.02003067176005102,-0.1741955067934235,-0.1418613459798807,-0.002675946212543899,0.1781467848225934,0.2044357554056451,0.1050464100012143,-0.2055442056315139,0.1720696375464578,0.173717983407974,-0.1276623251620927,-0.1597993532374325,-0.1233011872815829,0.05969196970849809
0.1385569137238485,-0.10884377512473,-0.06522687700885109,-0.1517705828101636,0.05303939542692848,-0.03815336569252006,-0.1103948603443846,-0.2126676915929199,0.04211504767494287,-0.0993221569871084,-0.1293088478458526,0.1397253463991517,0.1835905102602185,0.1421471930113907,-0.02120572515173485,-0.07458049836076908,-0.1551635613582517,0.1420710129405402,0.2204734331661632,0.1025382000621865,-0.1799354726555201,-0.02615187063233471,-0.1626747572780304,-0.1795019725894593,-0.0993146448142532,0.2053175082125737,0.08089872541592776,-0.08103661713383685,-0.1868957024592653,0.05985089174645405,0.08461665592626361,-0.1559855235180859,0.1207644067366956,0.1378587056068335,-0.1114751238299176,0.1363221923198736,-0.1697705085825134,0.06725722786764021,0.1095833318266985,0.020199156629456,0.04106430413689081,-0.04415996761043413,-0.1937625323493003,0.05413224981097457,0.1261894275837993,-0.0260151905285928,0.1694570658386902,0.04172089189678956,0.2247661726358954,0.1310631667892547,0.04840831575064922,0.137188109146603,0.006468242450340608,0.08472496528027665,-0.1652256937118383,-0.03488405009799335,-0.05129049588205799,-0.1684417425874587,-0.005004571576611564,-0.1983631791065946,0.1893803192963004,-0.007557500453299775,-0.03946026099110478,-0.1691419029660474
0.05166009690114116,0.01486620518883085,-0.1952421350585438,-0.1813387526726977,0.196169750183334,0.1442249445269038,-0.09631394247522032,-0.08423106432746424,-0.02244830839232241,-0.1658755640833064,0.03111045010696889,0.164577667330302,-0.191400964852797,0.2096998021954029,-0.06977432284122616,0.1930547030373267,-0.02393152745835871,-0.08156066182897793,-0.1936217733956905,-0.02957608366557529,0.08559523133681733,0.0658666987883833,0.1509595776068547,-0.008809584886574828,-0.0150337528581088,-0.07285124105948285,0.1542920830583392,0.1373062509100297,-0.1901914552884648,-0.1254506435324821,0.07787991235212625,0.2018446417496713,-0.06580079602912428,-0.1606186662346709,-0.1519206792935944,-0.1583925478313904,-0.003590693071763331,-0.04753447511199339,-0.1797743424476804,-0.1175727240642698,0.1238128054975284,0.05949917435037284,-0.04988895973292334,0.09282035902357483,-0.163443569078418,-0.0832545857808666,-0.1407059066340726,-0.16981878346888,-0.08928538874238258,-0.006476867048988017,-0.1397876855292014,-0.0583860453448382,-0.0006209691934689188,-0.01860221638744527,0.1933923326949578,0.1029796556592772,-0.08026391296176608,0.1103402473115249,0.2045645053693219,0.05387575826738043,0.1598047572140368,0.01535673504922211,-0.151696576373863,-0.1611766346442924
0.1077832314079266,0.1206317288050801,0.1468215365616596,-0.0004196191390286704,0.1588766584647501,-0.1315058392924255,-0.06575965585114897,0.1595680467163816,0.1644638750909654,-0.03375876024376552,-0.1314016389210664,-0.1107734807846351,-0.04186264289914374,-0.1282839066096701,0.1105729350170107,0.1398332923810776,-0.1368334374307878,-0.07400877735740645,-0.043529796558548,-0.1113850829197417,0.1013324177206567,-0.01251758445071892,0.1703462830892726,-0.1515430751761058,0.06624253562976527,-0.03406813292626493,-0.1799245367668797,0.0388741262532533,0.03996149443831567,-0.2222378727644748,-0.07303830920118327,0.2025887910615165,0.1494654599233305,-0.06184060386449729,0.1152656221658301,-0.0364502164519564,-0.01320650084601309,0.1413127674917916,-0.1180424250168014,-0.01183930879148229,0.120966725594633,0.16444950426223,0.2027322831830523,0.1717866382006425,-0.1966436898487122,0.1413584813279829,-0.01139422324141089,0.1510257229705781,0.09134463428931952,-0.1363573925534975,0.03834602828256765,0.03812912249686382,0.1764161116593704,-0.1923816975090767,-0.09413990879904999,-0.08548684392599597,-0.03629561234941796,0.1730039342005176,-0.1778758970804344,-0.1547247087265622,-0.05788907244166544,0.1545772417596812,-0.1880645365760059,-0.001078791564836185
-0.1616902360121982,0.09853048747212036,-0.03065902792352754,-0.1677781566442957,-0.04954504179380627,0.005602924633219737,-0.06541810555809195,-0.08582589612510019,0.1043796751080247,0.08957313419317646,-0.05376595884866815,-0.2139178802645698,-0.004834466028650851,0.03131753657943993,-0.1598167574571881,-0.0752211471030611,0.03806808447129424,-0.08721680752684391,-0.09410023278960687,-0.05980502081129484,0.2106661514432472,0.01471514599848378,-0.1095038167712319,4.016746527275548e-05,0.08759554854965437,-0.04996029763488157,0.1488807220840634,0.1657900546342685,-0.1593488822963973,0.08935156293000864,-0.1997252556820114,-0.1095597463845416,-0.1824886049691777,0.02809292049586476,-0.06071828791583696,0.160006561946113,-0.04906747262600114,0.02274451239413791,0.1827405782578573,0.1997571651206907,-0.08588354175851147,-0.007410297394068276,-0.05237272899393643,-0.2151223258767255,-0.1633101017743935,0.1725136681546439,-0.1746898203390438,0.07314413830809076,-0.07757249048833119,-0.02278986084587704,0.003094059590926859,0.029049110509971,0.1497014623304769,-0.1897757455316722,-0.07288148979132537,0.02939372713106808,-0.01434309587131735,-0.1009881440946195,-0.0106046210740309,0.03178688860646561,-0.1683482783635102,-0.08325124054971465,-0.1618190299924287,-0.01909525723724636
0.0128637085345828,-0.14584533216687,0.08147887192298103,0.03029991957055027,0.1012805386837295,-0.1166666075993744,0.02903246040756628,-0.008464595546675887,-0.04722714761434793,0.03330128551244785,0.03809398429239014,0.09237264990089333,-0.1446470854577032,-0.009944429407985646,0.1406543676824786,0.07180100080111591,-0.0200064540519745,-0.1053065317617921,0.1152636058246581,-0.1191771463310008,-0.01092009068171352,0.1508904190171795,0.06421419636091762,-0.006705830285993967,0.1309858920054267,-0.1312679583397324,0.008120253099188646,-0.1942774704720501,-0.1078280500555915,-0.1767264894846325,0.1798052079098202,-0.1893743230410431,0.01598129717761954,-0.02354225491678663,0.1977788421926396,-0.1168598362645855,0.04328957809226739,0.21565929421926,-0.09459902225900441,-0.1582375479979135,0.2010119155859226,-0.01014728025997235,-0.1828718156792023,-0.1836227761736645,0.1089723242178267,-0.09952040677247949,-0.1553209210835306,-0.03376733586809946,-0.189860090003901,0.1109561693100682,0.1931369828195583,-0.1670730283985116,-0.06869239681854919,0.1886453179835823,0.05585263338042076,-0.1505362074603161,0.2315602544636008,-0.1588092346831,-0.09829818280350666,-0.07145214420871503,0.00316226616395155,0.02894615978212663,-0.2033391468642267,0.0785069288467115
0.02631985965753593,0.01205976108189722,0.09275504478510692,0.2020327437665512,-0.1099086516661199,-0.1929629576488221,0.01148136268020323,-0.1057967365317684,0.1726700914122092,0.06622302803048968,-0.1010533665990371,-0.09265485780623772,-0.05986465852116183,-0.06469893912118861,-0.179132431739659,0.08583152141976794,0.08929781181448744,-0.09516893236457626,-0.1797658562103107,0.1498537247558169,-0.01110562266020104,0.109744569589133,0.155158865924921,0.08360263712412858,0.1393480515223481,-0.1192114334476207,-0.06685427624587446,-0.2093131637271071,0.1025854702083457,-0.05068897096260225,-0.1106995738408306,-0.146021481633946,-0.0730011408436467,-0.1958780041391869,-0.191313163111604,-0.2040832442433132,0.03646688890573884,0.1160280175600944,-0.1844155466039033,0.07693660115603392,-0.1387221051912093,-0.07705100176274245,0.0568119210010646,0.07496260912428175,0.1665910304911681,-0.1000406569895648,-0.04310740438901842,-0.02443204876302392,-0.195137457105467,-0.21372621753019,-0.2240025774346781,-0.07162147581990802,-0.1187506405292955,0.05876420832623308,-0.1631620027886263,-0.09821861133261224,0.2401358973160253,0.04030248030752059,-0.1695893486297682,-0.03540735870086716,-0.1391546108226076,-0.08710415110655444,0.1528094552852127,0.2031079207427366
-0.03361036175727724,-0.1148161239431447,-0.06103719269334746,-0.2042950206786903,-0.1492721217774172,0.1448834646557384,0.1933561280781014,-0.08275777185711432,-0.0569565685881063,-0.05154499312384687,-0.05941064213312724,0.1289606945932699,0.07261203379568409,-0.02819719709677108,0.1585863839521185,-0.1526388355140256,-0.1849655710214299,0.1328693004909752,-0.03789025434513885,-0.05075574967106036,0.08527918818451716,0.07239214525620222,0.13595995610074,-0.190684937722371,0.1253282026808619,0.09673419664850852,0.2241895949347776,-0.2145272526208106,-0.03251841020994591,-0.05493942034055935,0.08935562023118114,-0.07722515607599173,-0.03749333204690781,-0.023516718124751,-0.127510377056082,0.09285138824762269,-0.07492846569920386,-0.1324721207684261,0.177252604595766,-0.1048353412267877,0.1437196805191744,0.1968872418861617,0.1353993704854194,-0.008596161762742451,0.2034438874286924,-0.189834133731063,-0.02938013372123103,0.1589807184717169,-0.2108602931550571,0.2264431421739388,0.155641549318818,-0.1815918487789225,0.1657715853552997,-0.03756343383845059,0.09146075403093902,-0.05108592388798998,0.05718504219713975,-0.01168189687604322,0.08451876410624919,0.0317238457327285,0.07250072116166348,-0.1741273124434697,0.2111226227189857,0.1875288363116298
