-0.01536207210186753,0.1105971175654443,0.05750153366283604,0.06218748659281202,0.08617695003843014,-0.1101046559126002,-0.08310822049253773,-0.1806105203465402,0.1059883008352934,0.1288068733920124,0.03009296070549057,-0.1833386612383338,-6.798215671991531e-06,-0.1827251404084687,0.09027692347993536,0.1268782139738149,-0.06395361596756363,0.1475427226075749,-0.1081501351901248,0.06604124378846289,-0.1590333438209663,0.08796640712418119,0.1355644875413738,0.09957547199599887,0.1399495015797253,-0.1596551941443072,0.01431256973072118,-0.1746189301129397,0.04550908435531301,-0.01444218364841751,-0.124152688371274,-0.03035205682849227,0.0860465262529222,-0.1708389409773694,0.02756539781374306,0.04672767758649082,0.01988726965450802,-0.006090258952899664,0.01184097010192487,-0.02924776266051655,0.1221645954731701,0.1016458699700977,0.05343509461024348,0.1422831486349548,-0.07282290465860025,0.0117524474776429,-0.0628589017666365,0.1257578736431917,0.07133912389481778,-0.1373470339797605,-0.02587944657212479,0.1412858898412724,0.08798815121513845,-0.1785376067911798,0.1717262306648092,0.1789109990111395,0.1674028955644789,-0.04570451109200612,-0.105244494514974,-0.2228315782512929,-0.03901823385723466,0.1261233921077814,0.1291642570629868,-0.1423172713478197
0.07903329138185404,0.04383531051108177,-0.1935862303838913,0.07568413448997552,0.1384355802728477,-0.0157473680838939,-0.178757519042968,-0.06579160067240213,-0.1252219363000361,-0.01937090904973737,-0.02429335781464863,-0.1451881151303483,-0.1983666047744528,-0.04147216946801936,0.09217786930279399,-0.03971358389064877,-0.03003329186403303,0.002820425611598309,-0.1842134911646378,-0.2063348586014241,0.05985913774734632,0.06872400813989381,-0.01195968928724122,0.07993096000539751,-0.1118961659244208,0.09124200218806511,-0.1863041244851701,-0.1859249737757575,-0.1402691151478505,0.04301726280995288,-0.01920560209803832,0.08803642721401961,-0.03209259151137527,-0.1662620121806811,-0.1162682070816773,0.2000438991579186,0.1111422801949593,-0.1973320993800695,-0.01325651419903976,0.1007081067905674,0.0125484056607401,0.09885016030762604,-0.1768425509706041,0.1416082386907219,-0.08245864362930558,0.1661125753818226,-0.01146393060231944,-0.09322475772055788,0.02666063434815556,0.2052091773687847,0.2228898942566755,-0.05484721347103084,0.1024424251708103,0.04058521293014911,0.1535320965862131,0.104921974357406,-0.05278711723853954,-0.1766122772032177,-0.16493731571459,0.1910474127266078,-0.1968573010636977,0.1437362643338363,0.1622473282879137,-0.09885999665319777
0.09103573246146934,0.08648083144988289,0.1419890924520121,0.1461461397276302,-0.06323458613459317,0.0177332816708295,0.02008195154111207,-0.06001077345647548,-0.1344645883800677,0.106044755685816,0.1346924008238521,-0.07792536762935899,-0.1103550441245091,0.1323101205752165,0.1351857863142399,-0.1197109136290301,-0.05177977192909407,-0.1437587183719829,0.07594760260121861,-0.08719054968461748,0.2186019749876106,0.04310232479139228,-0.04568246011047271,-0.009318835790439623,0.1010861978983409,0.01013442429706706,0.2094717686852738,0.002125644108669866,0.05244081442880649,0.07146223791354046,-0.2052405935423881,0.07050970245796231,0.1891741291908915,0.1196921514040783,-0.1933314089893597,-0.1459951779235731,0.1500700891723391,-0.09473581536059665,0.1153208182856294,-0.1540656670531476,-0.02664909529981802,0.06940165187678009,-0.03363765544473174,0.04805248094790668,-0.04535265382021837,0.190492553883688,0.1239495265137881,0.08081713721407541,0.01502045218086843,0.05787642733603453,-0.05985550092531855,-0.05299075099708317,0.1056166576973415,-0.2050961230397789,-0.1666793482935846,0.1680544601324385,-0.1763303798497726,0.03867782387315033,-0.09734670512993776,-0.09405991588478796,-0.1919851771636059,-0.2042133267156818,0.145487331962719,0.1279948713724174
-0.07674375135410147,-0.1970632429878557,0.1494212527215243,0.06756031928983638,-0.1898428244147753,0.07310216594253796,0.1381914459580856,0.01459179754156195,0.04464146398624782,0.222944008671049,-0.03906779671521571,0.176406092580467,0.02478802027261716,-0.05334559313551969,0.1153320787498007,0.1688374098031418,-0.1966045610136903,-0.1839610304382466,0.173580765385774,-0.08994608275371736,-0.2064437576220868,0.07436690303798495,-0.152601274516698,0.06463919953489652,-0.1724195434735402,-0.1315262337541584,-0.1791926317006526,-0.116350722434934,-0.009758377704537746,-0.1850441985159794,0.1857823353730778,0.1203295256103984,0.07373468550539992,-0.01595178453588152,0.1469566678749787,-0.03935764731390339,0.1659333509648038,-0.08178171491297258,0.1304554852424112,-0.1340185927590657,0.1450834934951575,-0.1567842701095725,-0.1021468422091767,0.06969775798505677,-0.1262348766254977,0.08664802039707811,0.1721257004783563,0.09004504910186707,-0.1813403503040098,-0.09222800055724881,0.1472089218124344,-0.159441267358052,-0.12132521224189,0.01482253348647922,0.03686543253195759,-0.08681954485183757,0.04346911984956525,0.04439237994304639,0.1549932198357967,0.06004237566351694,-0.01252104314372487,0.04194145135492372,0.148018123860808,-0.1044220079167225
-0.2203417715213515,0.07138604654060204,-0.131451044554623,-0.2009057794091828,0.006749033984120191,-0.1373922385270855,-0.02833043868941467,-0.1153849754033682,0.187904852596211,-0.1030615105940651,0.08191480595864931,0.1599209886167963,-0.09731735431481511,0.01161300827749968,-0.06636194725037525,-0.1514163242727088,-0.01823138015626635,0.09498525782092117,-0.1196587210321,0.09559795786489128,0.002690396116733335,0.1518265479658298,-0.1054366111073864,-0.05319034137035829,0.1278881465405827,-0.1468636366791502,0.1072864935872962,-0.1615289717729922,-0.07597565938466082,0.1396013950263271,0.1296065246807028,-0.1804196309946796,-0.01875036229573373,-0.006005118189168557,-0.04092611974234595,0.04715604251861809,0.206031974358173,-0.1989034454226427,0.04103868622071355,-0.07202550805470216,-0.0842936888297585,0.1719896627036684,0.1916093846046444,0.01318916597101846,-0.1947024782542922,0.03845847811055308,-0.02706968390080546,-0.2264647997356994,-0.05131580656678927,0.02306117096543387,-0.1400111309001844,-0.2065067228122996,0.1633628246671295,0.09332997536182805,-0.07903986944509268,0.1056099281880668,0.1672689267099531,-0.05917173782934868,0.1369308207786607,-0.1304085045552518,0.04274106517353459,0.126847070437435,-0.04896841384712991,0.1691420849805485
0.02483407123943161,0.1561512533372643,0.09162715107867062,-0.1125819337948981,0.05189348018843921,-0.1218620128822474,-0.109138182626184,-0.1781509097270585,-0.2020208059064929,-0.06608945297904209,-0.2073421917463917,-0.01496016021280229,0.001202526268576858,-0.1615946955200085,0.1769380357529778,-0.1164316736111689,0.2113615905605321,-0.04454102803289756,-0.07978082335675006,0.03919171619982138,-0.1458682197368022,-0.1173076916970159,-0.1318718660237136,-0.05203343670947626,-0.1458116255121738,0.126606698052511,-0.002074613541083266,0.147795640239985,0.04229967411606803,0.05880978551097969,-0.1679976073889083,0.02178532858991673,0.1066059790828167,0.1218105272032982,0.01539954898920486,-0.151807166748931,-0.1879827805060489,-0.01108668668582672,0.2260085203599433,-0.08102227936543262,0.1888199997586582,0.1334896090849166,-0.1484527938036831,-0.05024617718266845,0.1678430858501193,0.1831293969279917,-0.1407126556456609,-0.2156307103861754,0.1313822554475622,-0.1834211582532802,0.1176084905544158,-0.05251251489306985,0.06072201506497842,0.006508984002140045,-0.01732850085619671,0.1501013474952242,-0.147394378161972,0.004384535804115264,-0.09323367243653317,0.1770280394133006,0.1151101769524077,0.1272335054269433,0.005229031004695554,-0.07888279871582295
-0.137072947475688,0.001855471241842728,0.07854377585473325,-0.03618472304248431,-0.0005249434294984384,0.1355045969869901,-0.1887255412055202,-0.2197173609735859,-0.06088515938134562,0.01176346347529192,0.04133259827156393,-0.1943068906963255,-0.1048488835842785,-0.0859854643852536,0.1298195847930586,-0.04907302662979725,0.04405103409365808,-0.1051738966385293,-0.2004496183996057,0.06123761309074707,-0.02375987539708592,0.04052655949244426,-0.08093874203287502,0.05988131907622565,-0.05506391542163899,-0.1180782504927851,0.0264031241973001,-0.1494725035175754,-0.1845836694875636,0.2067369979406048,-0.03081985378619439,-0.09695423526296776,0.09306257037102438,-0.02485567469173128,0.03375380122913448,0.064854119116893,0.09103324214009514,0.06450889090429905,0.00171584808536653,0.02331221993598987,0.1763929804062529,0.1493981146480801,-0.1934218172444378,0.04160932536980354,0.06116752038352505,0.05390075082777483,0.06456209500920737,-0.02631286106119948,-0.09574305846173782,-0.17527350605651,-0.01937682851094755,-0.2054356027732421,0.0830544503610622,-0.05780246948650002,0.07747509898963843,-0.1811384119684224,-0.06525355822174757,0.1343200930272601,0.03122968376239393,0.1292935792802367,-0.1947385646004667,0.04100473753878381,0.1950895650515635,0.1795511043994588
0.09886638793774982,-0.01917496808869846,0.06452834773224093,0.1160360508979064,-0.08933767185654684,-0.1114509807333008,0.04590596171084356,0.03375466567728927,-0.09317256179011334,-0.05224237660182475,-0.1609860315964134,0.207868777301685,0.01719577130185681,0.1387143420595769,0.08322375230288059,0.1983517235424267,-0.2153823200360683,-0.1971103990337215,-0.06037575941266491,-0.132079461792566,-0.07902068338010662,0.02727543405432596,-0.003229770406955356,0.1657287200032845,-0.2211036040714188,0.101886539093771,-0.14043115105612,0.1384657166045123,0.1417140644700116,-0.1962339062398168,-0.0400954136102636,-0.04837723556537851,0.09920093416538743,-0.08539615570785658,-0.1657507989492812,-0.1579229701680063,-0.1422480863150564,0.05867295161963694,0.03279122234079036,0.06370377450459896,-0.04433493705461237,0.02273775886717272,-0.0219446816121603,-0.03594680856972254,-0.1303717213005806,-0.1870179952901112,-0.1494559647804486,-0.1472886049241627,-0.2044133906759564,0.1001947425717266,0.02679894388679722,0.006284528147296635,-0.1586943104751951,-0.04105060802936919,0.1609073594745676,-0.04498235739949115,-0.07417584953131405,-0.1741496666863261,0.1003242735102001,-0.03279821819624535,-0.1483389421741348,-0.145162669556531,0.1043533833561541,-0.03954677902989479
0.1076829867922328,0.02349645470741193,0.1861353434709425,0.05985129889808322,0.1232600234819511,-0.0442239747988569,-0.01145447696174162,-0.07502366360632833,-0.08217353660583157,0.1020058361483772,0.202233857934005,-0.08352344889525629,0.005843049271086025,-0.2536616994179442,-0.07377209791244636,-0.1154645322597995,0.2035830215326156,0.116923731086688,-0.05176549046347544,0.1338154255472762,-0.1909273761150342,0.2178360388753851,-0.09470395416956505,-0.03683642200768333,0.1089639888345988,0.01656897876959084,-0.1758172763310117,-0.06200300870595703,-0.004696675938227515,-0.08902538135985225,-0.05646605384619412,-0.0737377264202442,0.07101234983450841,0.0899733764328621,0.1375759688919468,-0.04070601161403558,0.1954109289571555,-0.1745379458233549,-0.2129824048822742,0.0714226067896214,-0.1660430562231212,-0.1357542847013045,0.01147211422262245,0.1742550215221622,-0.1712348746407819,-0.0621237052226393,-0.01046151039941103,-0.03857096299689098,0.2063902898267494,0.1456689257827755,0.1693436169297761,0.1817481346784516,0.09031216983103456,0.1713273831580607,0.1772697988260896,-0.1433867686306334,-0.194481126001204,0.1074832103230623,0.1987564968206427,0.1176792707855616,0.01430181736151033,-0.1908370587053949,0.1129782172575366,0.01225405999747726
-0.07579506517446045,0.05512401400566246,0.1735558928083855,0.1097603398301801,0.01638384450091449,-0.1030394701653756,-0.1613233139980278,0.1592455594875216,0.02891485688582317,-0.1765481819696612,-0.003078650821030367,-0.1016959034974694,-0.1919640901948691,0.04696576213257147,0.1299732309775966,0.1570165549479628,0.1039220044984505,0.1864767771672742,0.03097256026481893,-0.1673308486672103,-0.06387989039180204,-0.1615115736865479,0.2081940341861516,-0.04349754126340992,0.2037987281611895,0.136188371854279,-0.1076242307153772,0.06745205946086649,-0.1742503690285628,0.1546189856524624,0.1719465144391974,0.05291035387326351,-0.09714091083570747,-0.03125245169328035,0.1613030420292816,0.009189276089891512,0.09069382532711219,0.02512834571435493,-0.1740200079869007,-0.009602464355048997,-0.2175615911382394,0.1846969712387832,0.08332721754496815,-0.1767776714616187,-0.09917773244271906,-0.1678716227469007,0.00980889895769638,0.0174494119662232,0.01918366172404498,0.02753135088315472,0.02856728966132606,0.1312818459494609,0.00532909759295538,0.1176448195176117,-0.1481702252219736,-0.08800796838256161,0.06287062540653275,-0.1967873044183742,-0.04691830082003037,0.1829651094247138,-0.01493900986450596,0.1551512327546705,0.1769830883454872,0.003135736590108403
0.1393059440559821,0.1103976008913399,0.143186181379294,-0.1260887753033809,-0.1347860899300247,-0.1838445750383157,-0.1092243607227461,-0.1415223404822469,0.03580824305291039,-0.1753535506619918,0.002164299915511873,-0.08193608562437132,0.002677956409371076,0.06779971031474791,-0.08246825267010362,0.01219210556447016,0.05325995075445648,-0.09616038449147543,0.09023326198615034,-0.01331404018430061,0.1341036913766433,-0.1097857444644811,-0.05215104216436491,0.171003241630126,0.1009050732507577,-0.05708841621792629,0.1966405634282694,0.1415798846293124,-0.08737669370586189,0.06769215333071472,-0.04425182505278174,0.01719587079267786,0.1870418308370254,-0.1353192750369739,0.1577779442932182,-0.173832804106655,-0.01070879592408265,-0.1846224278693115,-0.07029474984758846,0.1586790251747961,-0.1836983929881038,-0.1380638348981487,0.04860492173787648,-0.06341381930353641,-0.1954010047175386,-0.08166828880082526,0.1337306905188921,0.09755907759784414,0.04769171089018321,0.1539546796239299,-0.03311993214720598,0.1902018977623134,-0.1770749363915964,0.07787773591723809,-0.1827879677718258,-0.05294425507386076,0.1990139610570222,0.1119670866516115,0.08234061260050249,-0.0711729214365857,0.1220461493307762,0.1974649705540134,0.1163593329587976,-0.1753128873122443
-0.1985743649047352,0.1275117354511185,-0.00736045007048944,0.1466758227878059,-0.1714339052750131,-0.1862300172633056,0.1668810509669905,-0.1841612116883245,-0.1478724403109395,-0.003376426470554231,0.04536457489158222,0.1801023379012557,0.1445391399948093,-0.1864947744943666,0.222359248891514,-0.1921050588127951,-0.05818360809765171,0.1806140039755908,0.1566095593091658,0.1142160037204613,-0.02956951617145312,-0.1642303066173249,-0.1553512109730044,0.03356956305812309,-0.220160364735743,-0.1608169607166888,-0.01110455676376293,0.1555688001511744,-0.004397900341960996,-0.2050754206644916,0.0814556203610585,-0.008337625504434057,0.1756274884602224,0.1325334653911659,0.06944968844290415,0.1251638017528303,0.08656077050358148,-0.1239405969450821,-0.2299828792908131,-0.005932242061277252,-0.1227951669824712,-0.02624888668467835,-0.1759453007314676,-0.1003670648987509,-0.1991750591663534,0.04446565424672706,-0.09908725928011486,0.1248299305153161,0.2110769941127804,0.1672086356895105,-0.0058709772234522,0.07324331683488124,-0.1142060100262133,-0.100942304451506,-0.04188191011049155,-0.09138734539686758,-0.1828205054823729,-0.1598529343586941,0.1486296363355932,0.0994622355829869,-0.1313219515040211,-0.1804502602528032,-0.1894969572142647,-0.07261905546408116
-0.1662075280253953,-0.195803157237009,-0.1694244547126049,-0.1888615218912338,-0.1084935462835385,-0.008063411298104001,0.07825800974891868,-0.06031362273931582,-0.04405443311823024,-0.08588906248286021,-0.07260381234360078,0.05906341816804259,-0.148343789871128,0.0596012165070396,-0.1199204611707059,-0.1588022228571557,0.0707203079974854,0.114411445073457,0.08681598805417397,0.1855377454979683,0.1459423587089083,0.1875383165311759,-0.1388021965367204,-0.1699148826458752,0.04573714442257727,0.05706493358683543,-0.03920032906989031,-0.001985381288857438,-0.01730019061094223,0.08253307177208231,-0.06919779763039394,-0.007985263229520916,0.1234238227480557,0.1199551573670964,0.1880247625381397,-0.02709065328149318,0.2007295392197209,0.1754873357188492,-0.2298690505385329,0.09681285003660767,-0.1597956715477591,-0.2001118156235082,0.1017617675594376,-0.03979952011538863,0.08548614347042471,-0.08123394407052174,-0.09068248305959749,0.1288723699850577,0.1121097580489698,0.1974139874516277,-0.06597956475166841,-0.06482399532762416,-0.05159336641160308,0.09504737078814021,0.03543357863089363,0.1774039822585602,-0.04982089751522404,0.2021596358941331,-0.01280561151010923,-0.03524472155227294,-0.1690663698857067,-0.04045205668604888,0.1813702661395515,0.07082154869254675
-0.06351968037052275,-0.01548094112757715,-0.1071929029585669,0.2257341138261751,0.1224060581629079,0.04396434469680208,0.1979034973542957,0.175144080821906,0.05859163677269499,-0.1395430486608031,-0.1452737791387126,0.0146191726753756,0.1325012849547272,0.05754747016653582,0.1382645895129429,-0.05743803319717489,0.1139073395022605,-0.1431188870196388,0.1221215105793815,-0.04268869586612083,0.161915806341533,0.03641882459215597,0.0819904093010607,-0.1367684197805248,-0.09889054389104651,0.1331565424564503,0.08154438669253027,0.05145669037672555,-0.2082987025579462,-0.04906434536518784,-0.06085264860599229,0.1286224736689482,-0.03065828548246727,0.1561226988090275,0.1141163203435234,0.09762054727156697,0.05780370002990031,-0.03540198277693563,-0.05477671924841838,-0.1796288534460509,-0.07722765870216411,0.1533013233128176,0.1709357593516857,-0.001151737051658703,-0.02403006423316436,0.1859413050674122,0.08329695729224156,0.1285571126772275,-0.2024474385969357,0.1712498018460998,0.1375716782673245,-0.08978061051812983,-0.08138338673634116,-0.00299177422035454,0.1605982307374669,-0.2069287552926802,-0.03909822840908193,0.1538340542529824,-0.116328127375806,-0.130283609338886,-0.09740720415340308,0.1149509480087217,-0.03730121976336663,0.05817564727996695
0.2202897637990366,0.04243433319686207,-0.1457344053367478,-0.03682744718619495,-0.1060269403095699,0.2081092119601285,-0.03208638405688978,-0.07318014073255867,0.0530811326633597,-0.07137231203724353,-0.1812167144142752,0.0151531702306111,-0.05684387595516493,0.08897817481995399,-0.01378615335313312,-0.006303900353286958,-0.1751857724645475,-0.04098450871939108,0.1417207704571551,0.1825886533376477,-0.1126258646943361,0.09011443379762418,-0.00584174222495282,0.1165220425275238,0.04806976777805209,0.07889700745851408,-0.163792258904916,-0.1263438203733055,-0.1624661525864284,0.1160023160656306,-0.1712671165673589,0.05357023802037623,0.08587146188580247,0.1862980559373935,0.02198203219864611,-0.1312120691587902,-0.002199967893634771,0.006435960824649688,0.1520668086662644,0.1985863712541092,-0.03946377580291408,0.2304148124559708,-0.171694616542505,-0.1830177674687595,-0.1266637308595911,0.07801196307995469,-0.1040827076283179,-0.05784547027997883,-0.05739471313099136,-0.004488885148866317,0.2084441022264094,-0.0850764937615955,-0.1849620818593183,-0.02668220417826442,0.1699988575617377,-0.2021974231033001,0.03413901041916221,-0.1239264765730471,0.1653078493420596,0.05726894453693266,0.02348455476455464,0.1974193956583847,0.006313251471764293,-0.02414985271850795
-0.2060989480928707,0.03480064004619472,-0.09738433877710388,0.1918749208036393,0.062311970006178,-0.1140180568716603,-0.169940769317194,0.1611651873529298,-0.149486771505667,-0.02530063351726089,0.02784382035027668,-0.0909355088173049,0.1739588826041923,0.1535478954471188,-0.01147500654175354,-0.2014602504302933,0.1776915305727691,-0.1197504615466997,-0.1425036780076277,0.1611530582794848,-0.197339960690762,0.08979122889894516,-0.1696806101314199,0.03556130992454524,-0.03329609676969507,-0.1737963400496606,-0.1597330207235512,-0.1912421672723491,-0.09168849423282245,-0.1334426828857989,-0.07638047017502586,-0.0185031312184762,0.1301859702972483,0.2006031021691727,0.09961314501691579,-0.0783389314696241,0.1750808099636474,0.154200195322801,-0.03104470672765924,0.04384049257107556,-0.002735536486283028,0.01608538225923801,-0.1706056688344036,0.03096272634736048,-0.169305488647005,0.03543600190599279,-0.05644794565955583,0.08732573250921988,-0.0364047877572974,-0.02524495357209221,-0.1535342753846494,-0.2107687145218345,0.2107438664897955,0.1768017439369286,-0.1818015375458638,-0.07676967793865819,-0.05933747077046712,-0.05332482275908777,-0.07155239656500192,0.1055541424186182,0.1824565173844998,-0.1201866016752008,0.1917725092802428,-0.05998885513041482
0.06473632250399998,-0.1117620344873216,-0.0739051263946555,-0.07248913155291356,0.02206866035489276,0.2042755099596469,0.1621952710524225,0.1225679726918002,0.1473422462179725,0.02038013916517051,0.1612250224417736,0.1336573806834663,0.0246055985897716,0.1896527413714228,0.05426207941256,-0.06571826078272021,0.1066297907250664,0.09806440872186638,-0.184946410141439,0.1628327466732132,0.1823867583222026,0.2052310094103532,-0.09727811069322878,0.1975354845992546,0.2124646855357593,-0.164534399100145,-0.2213347631172567,0.02658486231141865,-0.1813025794704875,-0.1105175083329022,-0.02414584134427215,-0.1774392733701507,-0.1727258072255008,-0.1866106011048992,-0.1769799005549314,0.09011936836356807,0.04956819516878501,-0.06095750430262248,-0.1102597490637104,-0.0508889356759355,-0.1028632146997095,0.1338983058363605,0.07629257886597006,0.1501522497447789,0.139931368229183,-0.1339132580954871,0.1243865145154438,0.1729944159768612,0.03849646806252439,0.07836499853997722,-0.1281350184907028,-0.002731150529211509,0.02894670930291652,-0.05792889092106834,-0.03843820631406359,0.08967835777744861,0.04089656458269814,-0.1570394764824359,0.1581147217865743,-0.05040215773586793,0.09392871824935062,-0.01242947192824327,-0.07505900961902698,-0.0113191465329549
-0.03194492087162901,0.1089298187772474,-0.1288091244511454,-0.1603773591941612,0.002758271656222048,0.06855314100392323,-0.09531645529107519,0.1762927901105402,-0.1304429446483258,-0.01720344487323512,-0.1123730256415668,-0.1290397877864175,-0.1842592653446584,-0.150388910548817,0.09031985923294722,0.1273428025130259,-0.177657268456351,-0.02972988594375959,-0.1218069921967157,0.07000781975806757,-0.2178927124752304,0.02565545834258735,-0.1789808326717814,0.1886508436464389,-0.2184531615438567,-0.1153355669213822,0.1435625469696251,-0.1619919379658848,0.07924672355531205,-0.1577352041927324,0.2018630488540187,0.2308236658584648,0.07832753639171136,0.12396799172796,-0.1516926560706437,-0.1081578706042664,-0.2167464151983168,-0.04326935885320123,-0.2025817871838358,-0.1667527787683895,-0.04437063266935842,-0.07262587597215109,-0.1346448443740078,0.1957596160449539,0.07988556986595818,0.1328176896040885,0.1284421960127,0.1071267268551769,-0.09007853794445531,0.1140601027907598,-0.1322699578490863,0.08495255270888896,0.08212017041822452,0.01004314300359779,0.1981089045738161,-0.1856129391641476,0.1640652990724344,0.09228820823034943,0.1664268680825282,-0.1052562722961752,-0.1836206394105218,-0.08814467265832283,0.06697709418827572,-0.158128010129811
-0.1218990818851319,0.1443849427477566,-0.1087981771176496,0.04548027546974708,0.1579326186515864,0.1912921566623764,0.1565596460258904,0.05662757990705111,0.1277945438557108,0.1467901129372086,0.09576549773933077,-0.05943619918301793,-0.08033898468469618,0.2076027879225121,0.02675376469293569,-0.0345531606367827,0.2046336829192778,-0.03105845310991259,0.04178647239224424,0.01043763815687496,0.04964562870584574,0.1800823420433192,-0.1319733069700709,0.1903491875498629,-0.1784170835353976,-0.1388151119716335,-0.0243688172540506,0.07669461881865812,-0.1829119811251885,-0.141102658016091,-0.1504483247815348,-0.2204496414721216,0.1543734315043866,-0.03202822761675275,-0.01566238687339777,-0.1313721280871275,-0.1705391473211337,-0.1915967882260604,0.0968872766225919,-0.09777008700685146,0.1950436202857338,-0.0986157737814039,-0.1020425704068006,-0.03310937286260091,0.04963746393678003,-0.07620501335966642,-0.05756779320332536,-0.08550818909716261,0.2058995559593537,-0.01591193744939708,0.01739792078151156,0.1561795443939618,0.1463710044632328,-0.2031592935707537,0.1203137444590649,0.1622951509084095,0.09149388434353523,-0.06628396741062265,-0.1898306460792787,-0.0529654716501686,-0.03138853184219068,0.1018445190607081,-0.1784784047815378,0.2162040920990238
-0.05719217445674243,-0.06158713790439491,0.01217367735501049,-0.1120754504258075,-0.1837038740943708,-0.001453631472684649,0.1244376757742345,-0.02348656184508441,0.1791439925753144,-0.1482774698042496,0.182055088430404,-0.05420748137345408,0.2089397639335873,-0.02605980895379666,-0.05199936721952895,-0.1807563530192543,-0.00922790064934789,-0.08882865120475622,-0.02519755423079071,0.1418624200543762,-0.1671328870070132,0.1451126272250255,0.04543143479532418,0.1399374771074943,-0.1022712744082086,0.1871224659722827,0.2027413024187,-0.1097435722303765,0.1838652247375113,0.1409766900154624,-0.03451668894206888,0.07362235589068557,-0.004352825447491364,0.1091898574361655,-0.08835405344443369,0.1890604166609993,-0.1183969424726914,-0.1080851459225838,0.1629847904717868,0.1429660337377945,0.08559802553824215,-0.1426496574069998,0.0590343000870142,0.0341958097676151,-0.1086283389581309,-0.06085524124653112,0.02564264309479091,0.05442973099677456,0.04510224367218999,-0.1269995617137447,0.04636820912027061,0.02097243461307875,-0.1896617454696767,0.1481550160623046,-0.1744005676845807,0.1792237693255968,-0.01390168581990806,0.05530319325725627,0.02303912590947709,0.1379382170311627,-0.1254564505618178,0.0533892683238854,0.1817848417059699,-0.09559848527590616
0.1596496698698308,0.1622382336934571,0.1943565868281648,0.1290719211750806,-0.1699241647067709,-0.03337644256604834,0.1298700087114098,0.06695215428304228,-0.1699926674622437,-0.09765772951875079,0.1543702928186988,-0.1291314759730848,-0.09566694113849022,0.02042267823504191,0.06197071298260833,0.1031598557176523,0.07687751068139187,-0.1613947385181599,-0.1046982184259503,-0.1612011855356244,0.1648143856626992,0.13326056342923,-0.04503811060569381,0.1788292272511819,0.1752839243380521,0.02078803962485593,-0.1553305112289979,-0.1262704862866741,-0.1799438384727002,-0.2030018654322635,-0.06884191871587947,0.08797038381792793,-0.201119370273091,-0.1139961275725323,-0.03457249056782186,-0.01477973758422352,0.04063825679401314,0.1958443241279927,-0.008821586690567986,-0.03745962603928522,0.09698785194900307,-0.001229977665987118,0.082160941775864,0.1486383520104572,0.1499237371026827,0.02205866134105932,0.05337841239097198,0.04519558442059123,0.2160013903972477,-0.09945255744793492,-0.1822896301328334,-0.0375842344030355,-0.2073465093810991,0.1840923592805744,-0.07917047280220568,-0.1515724043037646,-0.03128686275404872,0.04309994340430218,-0.172277428139433,0.1936971495816314,0.1766668094319397,0.2030729301531465,-0.1795361997078587,-0.09784144654102299
-0.07652342994819411,0.1792023240879149,-0.06883899212489741,-0.07514898536004509,0.1291982291870431,0.0839512765504125,0.2058870366391187,0.2186510254426344,-0.1308722379825912,-0.01286697672399066,0.01759513491617987,0.1372627245227503,-0.1558425344350766,-0.05498189022158059,-0.03803487245032047,-0.2000773926648181,0.08709623113525906,-0.1684441025760836,-0.1443464331693167,-0.2036863429576873,0.2057935822457381,-0.114018565814642,0.02287313705236405,0.06583114589919366,-0.04826514109700492,-0.08429818724135227,0.1497890866441431,-0.03379776346150017,-0.1850018576771898,0.1591870984805804,0.06687215000205836,-0.05675798890015174,0.03746078513534273,-0.01459712597750389,-0.2063003706699075,0.1263438366990214,-0.1417297368938509,0.1289071670992827,0.04501412570010912,-0.1853820940426095,-0.07321171859168231,0.06442570887592546,-0.1437448006652253,0.2032858053065251,0.1791350050709223,-0.06090371791772309,0.2077594849257512,0.1442595743735746,0.1864328570486013,0.1771965832291144,0.1379841205719025,0.06776661228832245,-0.160477924905161,0.1823322388409172,-0.1336746556462066,-0.1118537708681926,-0.2027061385745677,-0.1001554244247242,0.03139069386543594,-0.2324107802991972,-0.116892072523993,-0.1573285278383783,0.09494321774263448,0.19368058595856
-0.1568487749189822,0.1945507204380289,0.02005499989172433,-0.1308610888187768,-0.1681261312706056,0.06995930970277293,-0.1141184469705537,-0.2194042383805939,0.01174411068905165,-0.06065659228264419,-0.03341778933198922,0.03583328272797232,-0.07875396001920311,-0.04092318484035713,0.01580768363489817,0.1163341680506589,0.01553976932556148,0.1367074221111327,0.2046203515415807,-0.1804157194982307,-0.1530160952476654,-0.1470382989839291,0.1375687521805611,0.09858820928645207,0.1731679413260334,0.003348690147000025,-0.05997938765407797,0.1396219630150376,0.1538969950616851,0.0495751393990157,-0.03354747421687786,-0.05509294518621784,0.1231185650548394,-0.1096301877901227,0.2037079284684123,-0.1796674467220072,0.164503522058725,-0.129954397635967,0.01243374585603545,0.1662658614973345,-0.04726216156596487,0.1956151605477644,-0.1139068228313557,-0.201844280725883,0.1420612006517678,0.005408618632820938,-0.1728201942848533,-0.1182340789048207,0.2040381476006702,-0.1052173809625731,0.07547729754932456,-0.02154922461802104,0.1929152511573476,0.0169102917293632,0.07922733572695373,0.1478710568326002,-0.1907071776112969,0.02030213820810689,0.07178660198728018,-0.1155559167381447,0.06277455302554372,-0.1863736305024512,0.06257117687480636,0.01608900370890973
-0.06541413594209185,0.07034543173702423,-0.07757204659695632,0.1189179147288094,-0.1785756916836557,-0.1247155573753051,-0.1904697725058523,-0.03694035246812843,-0.04614753696244405,0.119657521525087,-0.1433450649619942,0.1028814871499187,-0.1567239726860163,-0.03038299349745287,-0.1463238705433765,0.09178023307043585,-0.1544178371358112,-0.06442656217929998,0.004009783546150086,-0.04324570075447506,0.1176491135933651,0.1738801127376347,0.186957890317276,0.1459258463825906,-0.1554805710027353,-0.1630405655016775,-0.0662838515040963,0.1187678571411505,0.1437098389602108,0.1849469158855793,-0.09090445771168912,-0.2303247862108731,-0.1646974915881159,0.1588519444853203,0.07947097803546006,0.2008317770863996,-0.03534017635074469,-0.03561938138619583,0.09060585466006114,-0.03203018478653038,-0.1048730411760994,0.1900561256459173,-0.1987673461578125,0.07603457661021557,0.06012157640648363,-0.03821710357150505,-0.09430653402946484,0.08846707618681397,0.174747118353051,-0.160535725978048,0.03969153235455972,0.02215553951896137,0.1741998251828012,-0.06951009222928399,0.1322322160191013,0.1604353980343719,-0.09638010244363551,-0.1667867373187907,-0.04462890446014278,-0.1399232966605677,0.1118838668621058,-0.1252620829870358,-0.1187931822537095,-0.1838216447979209
-0.1536328776926305,-0.1366737167820496,0.1351319561270194,-0.1738307304701815,0.04976251939881831,-0.0803293922625887,-0.04623599700196376,0.1362534459335003,-0.07194523603485407,-0.1856595452041686,0.05634481531395077,0.1022734743138577,-0.148418702033228,0.1069792737852004,0.1764300330789373,0.01533541458106636,0.08298760337169354,-0.1624396875492568,0.1155079616939895,0.1019989222115043,-0.136440845581411,-0.1830354372544113,0.04805332021639957,0.07370687220174969,-0.1741141759295411,0.0740882186670397,-0.173223603974438,0.01894318458629192,0.02341543441375301,0.1852631180215012,-0.08296381083797162,0.1127507356609674,-0.1984650435525715,0.09502642662179935,-0.03789080059764815,0.00168591430047998,-0.1851500832160858,-0.09924667156715497,0.06012848264886484,0.151236924957906,0.1910620817075532,0.1247058888701217,0.1293755717338351,0.09151903810866252,0.07953850703014603,0.1286608412411796,0.1138670992665993,-0.09950496125402866,0.1510241433744873,0.132363428376126,-0.2196719368936452,0.118770840799377,-0.005256473230425612,-0.03255482937448415,0.1377929499855985,0.02561414025087847,-0.0001649744452442947,-0.008132665347470633,0.2231486786212709,-0.1162803864462654,-0.172137496095947,0.2041710458092935,-0.128614993409593,-0.05123708323822156
0.1380248321606678,-0.197605222051755,-0.1654936184697097,0.2168974642281505,-0.02838523886800324,-0.02861506749698258,0.09624083304751004,0.187271046709663,-0.115718333217421,0.0165400342158846,0.120734826537079,-0.07900565330962891,-0.08715753461599648,-0.01681020992910883,0.03932285956854994,-0.005487909299302488,0.1379216280775545,0.131606519078114,0.1898851292874825,0.01089279905469846,0.08753547728881245,-0.04586280362367059,0.1210065276399108,0.1851784726416369,0.01458612562221212,0.0557772408100107,-0.01897444358836209,0.08188792057627634,0.08582682979565208,-0.1112536229586069,-0.03781941616660416,-0.01024334602854834,0.1934694914814145,-0.1234674457392312,0.006514998604371107,-0.1717888571177408,0.1396887472104298,0.09639541671394411,0.1311749157088279,0.1485586574955944,0.2168658093918353,-0.1310931475317027,-0.1380687288602491,0.2068060856572385,-0.2059482276646741,0.1776669381221105,0.206469782378542,0.1592563175040795,-0.09750294154699266,-0.1854590054934919,-0.002140779939431956,0.03324035016343346,0.1896046001236194,-0.09048785762837687,-0.2066588834301303,-0.03355631883284946,0.07566253237208451,-0.1096438033005921,0.1987326690672459,0.1202168142250941,0.004195361895719527,-0.136317897230819,0.02426795892184452,-0.1237796438377717
-0.07622042876603422,0.191101407324728,0.1519411691121917,-0.2054961821861974,-0.01603032297715253,-0.2011870865231209,-2.132222776763519e-05,0.1650364535394782,-0.0211949584100443,0.2006004676350727,0.06079159845923271,-0.1168003141123422,-0.1343152858020352,-0.2262260427845911,0.006054518453697842,-0.194316136190379,0.1799741704353433,0.1229819301128306,0.06817095042941679,-0.06666212460630262,-0.1499484458760166,-0.1112556065555166,-0.08437081097760872,-0.04309776429628912,0.1387826410159905,0.03178612127196626,-0.1273439002467389,0.1646210107032064,0.132329657479573,0.02499004145850591,0.1581545670989855,-0.05915800095789139,0.08600138949412443,0.08542425200566571,-0.07487872055819055,0.04447733101520434,0.2010525431176825,0.1526031822113876,-0.008380969827367342,-0.06109013352558765,-0.1218916490972378,0.03844154664413702,0.06162483797382376,0.1243345588991288,0.04960156390765508,0.05693448101619428,-0.06927295463681737,0.0972389649425464,-0.2056987460472484,0.1791870702820301,0.07253179234117565,0.05006052232127064,-0.1871326935889445,-0.1684769275612843,-0.02219005545466127,-0.09209108765219999,-0.1384162251548484,0.1052447558951866,0.112176904085909,-0.1486813616309151,0.01092022971715703,0.04018078244098198,0.1249149497287875,0.04525561206979561
0.1849501626211153,-0.08472468643625095,-0.09717813704738466,0.003320981404996011,-0.153822998185324,-0.1590535264446755,-0.1929991851865544,0.2002790231578199,-0.06917090638015382,0.1747690687883543,-0.1319702437571929,0.207398829018345,0.0567815403414331,0.02106193293569424,-0.1844929846025058,0.1289139458320944,-0.149345665940581,0.03628340387870241,-0.08014667025494197,-0.1575467185442004,-0.03829341098293644,-0.08261686878744494,0.2155756524149582,0.0654890747862185,-0.0505698106973486,0.08419437685996062,-0.1073465763232033,0.05921004357939284,0.07517021544905143,0.01090375091280153,-0.1194620905195809,0.1300426375722529,0.1030597964328803,-0.1480874101829446,-0.07246347362587169,0.05027232336921976,0.110214611994015,-0.01602752898031689,0.1672982054053195,-0.08256502148294186,0.158195471739832,-0.1100369243961988,0.1884961944671024,-0.004997311361643841,-0.08818160117826879,-0.1606706301074343,0.02329349778405926,-0.1533927823240017,-0.02788331469931585,0.168985282813434,-0.1302451974470731,0.2096042506281426,-0.20166781113626,-0.198817273844199,0.02667203320544835,0.02257582155499555,-0.1545529230482063,-0.1663929488915866,-0.2154540699134145,0.2244412664046346,0.07138055148523113,-0.111220519223698,-0.1497691165023102,0.1498262252224679
-0.2178231161008574,0.2232040131457219,0.1776290015922541,-0.08170634097787753,-0.006985192775659111,-0.1453635848870766,0.01938771715204029,-0.04591672238777678,0.1649044661722247,0.1048582477719704,0.04068758554020024,0.01503678178259598,0.14331497087249,0.002232962477944651,-0.1746675144357666,0.1719219345093607,-0.01318446877052136,0.2088841970302533,0.1993388778492328,0.1959393890698526,0.05883429352857127,-0.1340389172337965,-0.01097486788280025,-0.1805624999559968,-0.1454149438883063,-0.1630780393763485,-0.04151778863795778,0.04359433210321988,-0.0510346700057562,-0.05963157749363637,0.02239200878763847,0.05708109833923088,0.04551581550305572,-0.04225686898549891,0.009572472550106905,-0.171210697526084,0.08765281501751966,0.1694240833526348,0.08703201597117145,-0.0443643231133888,0.1645004493449083,0.01577561699812047,-0.1227547532174049,-0.03462712790767342,-0.1632830389554532,0.1843091240144467,0.1925566940363206,-0.02463998557863781,0.02841233519449683,-0.06270519474256905,-0.0307362456381571,0.08376634736861441,0.1135127625407855,-0.05603752044898446,0.132490409105508,-0.003313852076509688,0.04289225774050161,0.06363013405985204,-0.1708020127070961,0.1142786650310443,-0.1817277061129969,0.06697944083614328,0.004831684283671359,-0.1988045780549653
0.126423572387843,-0.1149123654668077,-0.1490364442541364,-0.1946984847342798,-0.1538518462148357,0.1433409101748723,0.1855264468233661,-0.2184463518116978,0.192491523917741,0.1293761427893502,0.09747220491511072,0.2099954249569947,-0.02863936383327041,0.1822774716506199,0.02056095707879721,-0.1555468767669153,0.1831766954386395,-0.003537834887153515,0.001730419006714712,-0.02285632629130428,-0.005951442476373932,0.09986335032685464,0.1197602535030856,0.01640587939322167,0.1693555340545975,-0.1844555296033704,0.1287161837732986,0.1468579595201464,-0.1879773676134318,-0.1401557562209645,-0.1524906985881082,0.211230402501205,0.02572162710299335,-0.09964532315162423,-0.04515518078786587,0.1980018057006168,-0.1053012954206588,0.1427601189138403,0.1491781798129283,-0.1957832378075468,0.135745304622098,-0.0265500567425399,0.01700840093117979,-0.1482338865127651,-0.07339945286866362,0.06024537446399919,0.1968422118643787,0.1285837155762098,0.1104025546068317,-0.1228500590556227,-0.1504192669871196,0.01870527403753081,0.06914945398913773,-0.1559315834374156,0.00313428975910344,-0.1904967693995994,-0.07965291655265908,-0.1544277656527927,0.1897914978832777,-0.2057777552826016,-0.1666686105584318,-0.2005528335750797,-0.09223676468270098,-0.1819756354874124
-0.09801280617031004,0.04930271886503298,-0.1417038242192981,-0.2230360602638588,0.1563419558718736,0.0421814902864255,0.01681580550107145,0.08766211909640255,0.1485318202487678,0.1654993336252985,0.1873246613486658,0.05033901904052378,0.1475412560595653,-0.06751159537950359,0.04152175062476679,-0.1824260704904064,0.08690748796806737,0.137072402001114,-0.02497442913636138,0.05971168483318318,-0.1930560055982938,0.1468532094828819,0.06136502107799454,0.1296706869478582,-0.1123547672376343,-0.07446465797743389,0.1187036676636687,-0.1574380303558534,-0.1076496561212628,0.02807540376993983,0.09751259349729406,-0.04907961231457773,-0.09618688999582856,0.09039241667771478,0.150673728829045,0.1377286200022652,0.02210900661543088,-0.01167689780127857,0.08020687539704711,0.08505142408145601,0.09747260553203478,-0.06248358331089316,-0.1466851691541756,-0.02899852484827545,0.01578223610254565,-0.005008926050603647,0.1841841873158286,-0.0783412449918672,0.0210296062761153,0.0698561320137991,0.1902513282319428,0.06021201232473918,-0.1138805081362897,0.2042761757858839,-0.1747967500102335,0.1998919454704862,0.06898284912166468,0.06624502416897024,-0.06887515108678406,0.0520268767327272,0.1532823284139717,-0.04703842964966552,0.18738183086646,0.1107446116148908
0.08832164550409387,-0.1272561804026778,0.0835091689491157,0.007246696795491926,-0.0239926291047721,-0.07813941692187419,-0.0670537604728485,-0.1026102708182545,-0.03350397959882735,-0.214707960915298,0.1265620792866096,-0.2136846301290839,0.2059537950655015,0.1340299716631295,-0.01774404632996054,-0.07499824153305527,0.0346531052517042,0.1357298494782844,0.1528791161031958,-0.1399350772112251,0.007954711619421566,-0.04973334701607025,0.1693141330384351,0.1593140571194834,-0.04602524503978824,-0.1844826060222444,-0.169146055434371,-0.1403372226442449,0.1414804968323237,0.1596895025990751,0.08210609200153052,0.03455966773430107,-0.09050041179286263,-0.1812680369367541,-0.1501255680899679,-0.03317360069354807,-0.1756150966197151,0.09539599716566514,0.008561385924838447,0.1419296287422958,0.05724168912508482,-0.06232503391052158,0.1180853541860514,-0.1625325785028819,0.1949782832873229,-0.1404223621141911,-0.04139883531981117,-0.1400560316727812,0.1154881820538302,-0.02324402002777116,-0.128220840549742,-0.05070695948185254,-0.02598303004375628,0.05889776623617841,-0.05999133651405821,-0.1674838034533202,0.1306150930565449,0.0209419483296672,0.1752403329330031,-0.01956938301059776,-0.2005030055206403,0.1262935298756945,-0.07957357032319379,0.04893979564442251
-0.09436711718099475,0.02552712872283185,0.166501515572672,-0.1152376203539245,0.09197136035404273,-0.1343771484964291,0.2194585598682506,-0.1007812332835435,0.04929357328486885,0.0893810592423661,0.1453300168315369,-0.0593355441215581,0.0289683419264077,0.08635779072276464,-0.1941331135063221,0.07342758181526994,0.1397913252592526,-0.1559982114798752,-0.1831733450608524,-0.1118086986927727,-0.09722003077314871,0.06656418822241923,-0.1525965723505581,0.1676807074163049,-0.03360011145805122,-0.0126419287375141,-0.128800244378231,-0.007562022104699555,0.1024842010519579,-0.08844448169027506,-0.07730411904758086,-0.01789465069247928,-0.1814220372705266,-0.1073696909307952,-0.1332663618510575,-0.1985935349859266,-0.05444155778840776,0.1762005771535815,0.1696164032899517,-0.1239927100358878,0.2067985276160428,0.07553808072595455,0.1536951971505753,-0.07478784335175262,0.05917144646905088,-0.02075690987300231,-0.2111389865549098,0.1776984151938638,-0.07319371269479714,0.06257655727095313,-0.2122344803562111,0.0881023529759723,0.04684511758226294,0.001283941586139765,0.1660885275728012,0.1036347769284735,-0.1449102958386329,-0.1325364066201067,0.211744293468517,0.03039422302860302,0.06702043719977989,-0.01906039101769994,0.02011596361868449,0.1922339138660938
0.1620574219654708,0.01854762796727993,0.07946839954901415,0.06182710322393312,0.193117465977657,0.1825937262683544,-0.01764039524153706,0.07735673122333704,0.08349791880606545,-0.024738619825023,0.08366738973601252,-0.1243900328825585,0.1846880179780339,0.1199316970204182,-0.06805665410781195,0.1628899769270547,-0.17157949510554,-0.04891700444006189,0.01580699759905158,0.1554121021114757,0.04189062896364298,0.03805080001995594,-0.1895771895102856,-0.07059408991430971,0.2166334740089159,0.1127405388934031,-0.0159209025981845,0.1870026322919715,-0.1913931775876104,-0.01869789614959967,-0.2029611600406134,0.1049395756019165,0.184450225943646,0.06683963453892834,-0.02980185383525376,-0.1270349392365864,-0.1944169286335747,-0.08971299686831939,-0.135677521068476,0.1664506531976233,0.08967408406820813,0.04186592795401343,0.1293679701158797,0.1608539272429191,-0.07331225944344873,0.1714320329065391,-0.2090900713262626,0.2241740368783407,-0.1019508823174857,0.1658682866469924,-0.05235341191654651,0.08673111781378562,-0.03486350856136854,0.001511743858440074,0.1801579453360264,0.1929040022261516,-0.1914934194845714,-0.1677261293693539,0.0766744416706867,-0.1182081734716732,-0.1208570664518149,0.1568891209093806,-0.02300619428720969,-0.2128373876795763
0.01973775784782017,0.01256483025925923,-0.02797427966383534,0.08980850976654203,0.1503538672623828,-0.01478178597752661,0.2014271454531205,-0.137690656683164,-0.001764322465650709,-0.08111367644018255,0.1647145761186131,0.1838980140811351,0.05000523174276594,0.1453467418103155,0.01945865838697091,-0.08904778865152867,-0.1122217714264292,0.1399754508713936,0.05035963360904252,-0.08139355406431444,0.1597006752355768,-0.0504345313702031,-0.1571446205215969,0.09155522323005806,0.06328482362098503,-0.0831751884282079,-0.08632855493543548,-0.02963101612325873,0.04562527218797745,-0.01474347474334564,-0.2107567191998191,0.2210191594395391,-0.06571177945002198,0.1603805500162961,-0.01444658224918712,-0.03760156954407466,0.106903447196981,0.03304990681039138,-0.1230345548926984,0.1514256863034953,-0.01738917972514236,-0.1767848871853114,-0.1818350338140101,-0.1324699869838606,0.000327012948691725,0.001915300724838607,0.007671490528687052,-0.1475807222912045,-0.04393190310956486,0.01342193174948261,0.09125052711072677,-0.1205642406671769,-0.1808414386171004,0.07441213997055077,0.06987941075435365,0.1537509853873893,0.1413571108811127,-0.1929085637837362,0.06316003040117073,0.1731765900698091,0.2024609870034653,-0.007623194356639501,-0.1977400061200481,-0.03179107961020087
-0.1228223972938993,-0.1098399038435181,-0.09632892783187756,0.195812705770682,0.1547415571944558,0.04671830717055955,0.1101183349237829,-0.01989846940987759,0.1771913358169142,0.1470938198035271,-0.1897016698328408,0.1868697671330415,-0.1848220670753976,-0.1654996973754579,-0.1143483824526129,-0.05600815035456064,0.2084935450857056,0.1432811447318161,-0.1585701118132256,0.1772269363319146,-0.0961473381124433,-0.2184823629225024,-0.1980163508080253,-0.003404713546158883,-0.04265731335955475,-0.1417061900659423,-0.01324997303051881,0.1987247017933141,0.02925141548956014,0.1929933774974691,-0.1002988173461375,-0.1939134415081285,0.1506108826700748,0.1615505775132747,0.003749111696295594,-0.1532438155445574,-0.1343501288766842,-0.1284568742719548,-0.1683694598076721,0.1780754268528622,0.08870541239586865,-0.06995563806197479,0.1562179066552175,-0.04906220993032505,0.06277497204027549,0.04898820440378237,-0.2215654526812854,0.07133914830692198,-0.02476318555415844,-0.141967434396705,0.2105231289647015,-0.1996186891494819,0.0014300754395606,-0.1346286202912851,-0.04331985557210608,0.1015803293817415,0.1065562673074544,0.03667420430547422,-0.1319652684467451,0.08783482336114788,-0.1646792411687276,0.0668467210245275,-0.1210213985922305,0.1021987857048829
0.1727762500011999,0.1018138078904125,0.1112340415675073,-0.163067173722108,0.01709639828813871,-0.2005084651433568,0.123343950090904,0.03701154258603763,0.02466451824980583,0.09549302567299049,0.09930795208140408,-0.01044882278208814,0.06931616472570022,0.1120454926081636,0.05784536615229135,-0.1653507785973665,-0.1844266745753783,-0.11564618956021,-0.0204268675171704,-0.1414156497274686,0.1838772183984553,-0.07293777157148673,-0.06762855044374444,-0.1342858431660259,0.1582137704078371,-0.1360628815166863,-0.04082408060024738,0.1160254715056844,0.04505926749280474,-0.06886929546145611,0.05601716661146512,-0.09322819239279104,0.1400445309100764,0.1182540019698247,0.2036498531210569,0.002026112171420397,0.0929185705493515,-0.01614650508162372,-0.122207091078201,-0.1494811555858002,0.05830409324702375,0.2268224655534539,0.1151553762800124,0.07924288015089062,-0.01481353749630112,-0.1249127167599702,0.1846314861395316,0.01880194535789382,0.05528095556372702,-0.01815785981030206,-0.02949838016656416,0.01953006519709424,0.0576351855638344,-0.05725583392678629,0.1985564425479168,-0.01253572360454403,-0.07286482998742334,-0.09093235631325591,0.06561622533183861,-0.200227891563432,0.1778238775049014,-0.1547899818820112,-0.1051168586898271,0.1494129526099706
-0.1929962171636397,-0.1871373830391606,-0.1344791331309372,0.02223946843647549,-0.1190695509965261,0.2093703271143184,-0.02118624710547076,-0.1357693045997722,-0.1905741671600885,0.04088754257415229,0.1071159365584735,-0.1888442292550258,0.2061978283194792,-0.2384741668157735,-0.03345302879504845,0.007251517663976513,0.02908614152879265,-0.06050678687824683,0.1356765384045983,-0.001533470479793681,-0.01769851881235952,-0.2000175202721037,0.07001111233593044,-0.08844193594237902,0.06276308409238332,0.190303352574047,-0.1524764046689297,0.05861196144832111,-0.147303428888868,0.05128757846018692,0.2172411854122923,0.1240431762525487,-0.03287927957624998,0.1524744089475645,0.004204423600211316,0.1553544582600972,-0.1088541438364598,0.1832308439940191,0.1244523546511893,0.02319794497310443,0.03927256912191945,0.08002993564559438,-0.1693504950549148,-0.0982604659518688,0.04166991160347466,0.1685339113284401,0.1077004122433689,0.004246802746419052,0.02360477388670518,-0.04936897806345629,0.06100687440360944,-0.117708496897712,-0.107527509206243,0.03271188843747817,-0.1697890314973078,0.08623898030553334,-0.176477066265712,-0.1977407938855524,-0.04269860984480918,-0.1573953319968018,0.2018039244481479,0.09826494887510559,0.1575850025861699,0.07940437064253544
-0.1405231335074834,0.07547618408741166,0.1647308100570166,-0.04627885668992592,-0.133185199463911,0.215317037763911,0.1620371902452349,-0.06994960832438177,-0.08763061868921362,-0.06553009563443411,0.02452923314236892,-0.2009654657146252,-0.140265855735329,0.1612804864343511,-0.08482074002571371,-0.1040893425741817,0.02620132716441467,-0.07163555815220707,0.1639987195678632,0.07070689085490721,-0.1162666682252717,0.1514601773726712,0.1316577224184583,0.1003999542608883,0.03482707397221869,0.1354812892736902,0.09578158937100692,-0.06150847560524345,-0.1187292429960537,0.02494185390150674,0.09332713334308067,0.2265543351329149,-0.05258348350074173,0.09765525027187462,-0.1551869073303416,-0.02788015598828851,0.1379733170446,0.1261701354487819,0.000637809643618043,0.03393238258195333,0.1579183439868421,-0.02424690186229737,-0.04106127098151862,0.1432471369641396,-0.1069654985211883,-0.01564134223782256,0.2027017902240689,0.1517124929362039,0.004853621200360003,-0.01682318084308681,0.0448660740246635,-0.2043471267587834,-0.01245655835950498,0.1935935799388857,-0.1178713971640298,0.06607072546590372,-0.1905120742169803,0.1140228240026168,-0.1213795811716415,0.1293927113038217,-0.01964527589652963,0.07363164831732481,-0.1802494643944767,-0.2175323987638517
-0.1674193675868872,0.181955999420285,-0.1521963794882487,-0.08949149532802515,-0.03344204920595354,-0.08323394813053783,-0.06709446208881104,0.148688938523249,0.1149318389655691,-0.01322252995795262,-0.1454554444650174,0.1487116895862454,0.002692473977577713,-0.01604437310873316,0.1737841770998732,-0.05412949767313169,0.04699467154330268,0.07614218331639745,0.01036266296824347,-0.09611206302556539,0.1234920628412754,-0.06992607729617406,-0.0004279778688670887,0.06055543001001291,0.04677783791896176,-0.04476359063757666,-0.1284186796548339,-0.1936432044250634,-0.1806088572143845,-0.1904789794762231,-0.0145378863061396,0.21532747338426,0.1939815146560938,0.1791470278474185,-0.07569262185367355,0.0578035492180542,-0.1742564579182274,0.144087752409512,-0.04830885926634391,0.1316461572873849,-0.1208764822780638,-0.00661103862384667,0.1438448379713122,0.1374866482999351,0.08363549656637925,-0.1624661420277367,0.09645199743713366,-0.204357660539136,0.1404138570976807,-0.1826704520866408,0.09588238915463822,0.09222231351471741,-0.07397409986042811,0.0602142772043646,-0.08073979138548804,-0.03921121801189638,-0.08287515029186369,-0.2024706746594917,-0.06280667823421929,0.06391377101529129,0.171961220244416,0.08296600793130364,-0.1424690961184405,-0.01624125290815805
-0.06057458173351241,-0.03367891883593829,0.1627501289317582,-0.1700114637791436,-0.1698199757175484,0.2076834539775922,0.06628665797376943,0.004136134171725235,0.05103588636023743,-0.1891953792712438,-0.01069835225568417,-0.02259043192991357,-0.08050238757247515,0.07818003319011459,0.1961714084226938,0.1326807364647772,0.09056172180019458,-0.08152590686642368,-0.1205454042926615,0.01292548252003333,0.06596761995523893,-0.07969237706960838,-0.09627927099535301,0.1730392146587148,-0.05691715320220467,-0.1723971527429207,0.01446450288200979,-0.04255032521328286,-0.1963104281880619,0.02796070468906619,0.2096037916797934,0.02390082154511039,0.08470611509037725,-0.166579863169846,-0.1242349671839334,0.1752329860755001,0.02705562115648065,-0.03143647657612626,-0.06218666040157376,0.2027510965862158,-0.1230265936013212,0.0989780000149675,0.0639513490365803,0.1468288342051744,0.1866609383891064,0.02160848211462079,-0.1000312372850695,0.1598083915832082,-0.1273521676751901,0.07052286905759773,0.0557218969832085,-0.1102404835802572,-0.1551074221695214,0.1210778957246584,0.1696955206494827,-0.04866804805835977,-0.1190931933276893,-0.04523965298011023,-0.06383950948406676,0.03386509663847902,-0.1913339142584339,0.05009866409157727,0.1116307063378628,-0.07737290052619686
0.007984384863581332,-0.160427090308225,-0.1811247662862245,0.08146246547079737,0.1460093584825031,-0.1463014170551448,-0.1707802141064314,0.06453505316064291,0.1321469479330848,0.07755287020509127,0.05350487316806862,-0.01444498661271057,-0.1457062845129928,-0.07572762635869,-0.2180267030685272,-0.1111407437081069,0.08930295961624074,0.06203781892466963,0.08408758317107132,0.002819234637200886,-0.02701545193255979,-0.07715700788284295,-0.1188658472640621,0.1799968956322733,0.1031482855106301,0.161860428500424,0.04248080474622722,-0.1199396676869703,-0.06762815620831844,0.1379813437196644,0.02406158739491977,0.07374987561986798,-0.1732957009873047,-0.01103281532896879,-0.04047156651178162,0.1535232054540405,0.05296839177848973,-0.1533453872662163,0.1546356002696279,-0.1473774421344962,0.06002183737684842,0.1510651779511448,0.05423368782463835,0.160310991853119,0.0949150339300682,-0.03023085324088545,0.02316399037885188,0.1139254501182192,-0.1003282359488696,-0.1808314304401968,0.0151175131720001,0.07571244888012946,0.1113477315316103,-0.1661226016896083,-0.2021832451090639,-0.04604655670215305,-0.03494847583005111,-0.04382911906716708,0.04497609440736396,0.0440937328814182,-0.09157251199534573,0.1743135961918897,-0.116038930493578,0.1113573244985196
-0.03442499502987539,0.06711632180253495,0.04835635675713059,0.01878730300827074,-0.1954060016769177,-0.06198036020556201,-0.01575721935821878,0.1441129171461878,0.1275424398723557,0.1905044625680024,0.1538415194871352,-0.1742292672182467,-0.01616840180404598,-0.2032011265808863,-0.1869100578501563,0.01112440584422562,-0.1419084394677692,-0.181991922196142,0.2006216511418492,-0.1999843592090314,-0.209614416642169,-0.2070753687986127,-0.1209242887353154,0.1156231165714848,-0.02828196357794751,0.05950817448108174,0.09381375574595294,0.1445795326390986,-0.07354217070491884,0.001272523587797638,0.1763157839366417,0.2086607217200855,0.06967874700815847,-0.04107563485800578,0.1519119208963869,-0.0365520799377584,0.03610465357548753,0.01419526639563187,-0.0958795044324537,0.0741117384983291,-0.1124101824306342,-0.1961903236801291,0.147539100741951,0.2049770547105616,-0.1733473019761785,-0.1054392972893165,0.01403760192548596,0.07270442266806681,-0.06422656643950701,0.1714147483237597,0.1153301418635838,0.126407030676977,0.03503102960550566,-0.07182229674719881,0.1360677906201022,-0.007207935908963224,0.04316432762443716,-0.06497023564321484,0.05989317996727872,-0.01787257261815365,0.02563911609500674,-0.06389026199668066,-0.04632775498912657,-0.1407665198530404
-0.03704950790605616,0.1070252383735361,-0.1673462522442071,-0.1410034641991433,0.1478004425110266,0.09490568843198961,-0.07962178595947905,-0.1026098087082752,-0.01955571015971969,0.06222638259670129,0.1664131002405038,0.0722343681483828,0.1013869332662174,-0.06764019713218924,0.1789809881686234,0.07722341838184793,-0.1448912932122545,-0.04387311225800596,-0.1162047857321824,-0.1785719886594043,0.008882629048170301,-0.08418728271700783,0.07682553120092664,0.0336537619447808,-0.1603645603375261,0.03036789137219574,0.2204556979936748,0.1032558914967851,-0.1177085956398257,0.0538322362395629,0.1444739546845671,0.0241494744481868,0.1565223541408003,0.1878230890492127,0.0991334254955667,0.08644516689717091,0.1406389520778902,-0.09986050389124873,0.09448970132490801,0.1924669757835712,-0.07883852465631783,-0.1641701530525492,-0.02545802690331611,0.1181824785661667,-0.1893252983320154,-0.1593336880453256,0.1654045098981991,-0.1559804868593965,0.1995457079071876,0.1140781230290906,0.06593579924183599,-0.1826682643952408,0.1211192738077269,-0.1913814882972442,-0.007080069402598139,0.1112994229387831,-0.1636061986499932,-0.05430475607352895,0.06689972648249343,0.1086892937791445,0.1864568934569807,0.06266471894090477,0.02167080628163873,-0.1790545061718953
-0.04824099139583976,-0.06353784356807092,0.08876302083842383,-0.1167661849075508,-0.1304589223944639,-0.1151730800607341,-0.04773808137674124,0.1111492627913365,0.1200474450540437,0.166960351280428,0.2093305803630788,-0.1375837015502669,-0.1178991035599945,-0.006709654010396257,-0.1740979442743137,-0.04553926194162638,-0.02217463127741612,0.1930893648463129,-0.1279517074758349,-0.1597490339613864,0.03960642433855558,-0.14093577896048,-0.06382393288493902,-0.1065765221579566,-0.1041436540374326,0.1636170253811292,-0.04304598343823803,-0.1665024248032689,0.001783430225845234,-0.1188983674985222,-0.1205336278166284,-0.1545435661685749,-0.12897440222301,-0.07805377914673321,0.0677108830273358,0.1314068938814481,-0.01015211932134551,-0.1238304131238449,0.201620621350848,-0.1778593047758515,0.1559052403357921,0.04978599138909694,-0.001656718712367156,0.07961139930206568,-0.2027385180075314,-0.1537885543352048,-0.1950819537972447,0.1206669537244748,0.08508502727104983,-0.01337517639924376,0.1060426226154252,0.1350687023740831,0.05484713338949514,0.05870147254947877,0.1812804259405885,0.09096619390597682,0.1213689196718295,-0.186520360170659,-0.006466921221367459,0.009332962927815588,0.02066424623902872,0.1908060006405268,-0.1743947996286055,-0.1173500085580001
-0.1470488302875037,0.03175025206447255,0.06584401833801518,-0.08366589168981244,-0.05750500882221508,0.09366757704862569,-0.11390951103928,0.1568977820721166,-0.1776918290596246,-0.1585263236150883,0.134658742018867,0.05545454384985758,-0.1561861637120436,0.2188106749981089,-0.1134275631028953,-0.02293061875292259,0.03108144607784552,0.08106395420923336,-0.06069387693909265,-0.02470194584318066,0.1109019318800695,-0.1895230219228368,-0.02779087948659006,0.1874123139079137,-0.04655448408954465,0.0198579885802482,0.2067426373919574,0.1126879223946707,0.1502820052497403,0.1557221245407693,0.2099268252156396,-0.04135395693983456,-0.1813892879174074,0.0271692685570184,-0.05536040802493981,-0.1604831395028057,0.1128191394216743,0.01646073043206158,0.1193329075227571,0.07649371786393404,-0.2227061196722271,-0.1334683888482426,-0.1285653484354859,-0.1026889796165553,-0.02453686371283632,-0.1568470959776614,0.191973423393407,-0.2138049577656339,0.2097986247764627,0.06946720096467125,-0.06631325671920305,0.09782804629682194,0.07032560711099256,0.02211348330577869,0.1043756251588062,-0.2028423337056555,-0.06303837367054207,0.09117732737517667,-0.1583740188342794,-0.1983991904406751,0.01085454636673866,0.01411603593408417,-0.06348179406703272,0.1877991128250263
0.1374355976442789,-0.1256874415093959,0.1781044158915996,0.1207144724607762,0.02548195634803869,-0.1380253127318394,-0.1996522200055746,-0.01713502258427104,0.1895959633202157,0.1667892448461158,0.1708400321900514,-0.000166225503041972,-0.09119503140403108,-0.01641637151831267,-0.01189427407168107,-0.1188095118441918,0.0619437861595485,0.112205100966095,0.128336344409599,0.1285554320615877,0.1437063470156398,0.1477737190188685,0.1244136561866356,-0.1604228207727081,-0.04726196734440517,0.1880306793958444,0.2123710497249938,0.1625921867102465,-0.03815468855483761,0.08711059739247042,-0.2043363988095456,0.1727441598713606,0.1653402399282856,-0.03628128404092058,-0.162397051874685,-0.1384278148368887,0.07025414785534424,0.1681713830490973,0.184278675486867,0.0195679687723633,-0.01775951717999284,-0.0717460969585878,0.08088863576731059,-0.1915423672006754,-0.1554496495332037,-0.2067309004762605,-0.1413042344022355,0.03478671214613963,0.1367499031654506,0.1135966025341768,0.2090472846331848,0.1502768074669346,-0.1260555225137343,-0.03282305454909357,0.05046948777007929,0.04316819177879883,0.1962445243658156,-0.1503116886030509,0.1325438317552931,-0.05476574735009127,0.09937407131192039,0.06024630314909323,-0.01425603820045289,-0.02748900157263494
0.1529785710023869,-0.06848013079480879,-0.01476182131252396,-0.01492918075562555,0.1318827343415192,0.155441434356078,0.1827350453345268,0.04480905608680049,0.2016377560443726,-0.06362276382716692,0.1790551448338003,-0.06414583277234365,0.1586095197821361,0.04266264702312833,0.02544607177460995,-0.2042808505788244,0.09737732033455526,0.06967859573236139,0.05378104497608612,0.1443131415908499,-0.02879879457262271,-0.09733873020403028,-0.1178868910319229,-0.2000064215992578,-0.03479974404301749,0.1822162004686922,0.04570915283005887,-0.09892749920615307,-0.07449735180313005,-0.1788109198449165,0.1029030149106389,-0.1585612900567927,0.1240866799202905,0.09279935104250384,0.005017031251437843,-0.1336161587249729,0.06216490461183653,0.04664533796871218,-0.02811035246552889,0.1260830730072911,-0.05012147255941976,0.2103339880329348,0.1748016531641578,0.04883643350221722,-0.09608907315981376,-0.07880534696521524,-0.003479223153001129,0.009023121888732251,-0.1612837581766332,-0.04813982531439238,-0.1481734704475257,0.1347505593970071,0.1778678979718388,0.09629978119802438,-0.05690394357648794,0.03913941017797359,0.05206058384164487,-0.02570821847607905,0.157891176988577,0.05619628381061673,-0.1268814589121419,-0.0605127394937401,0.1611674345330185,-0.003901572659854765
0.1146662894293891,-0.2001586016964049,-0.1511385820033083,-0.04399438207664198,-0.1546443810176516,-0.1698961116579441,-0.1233327270085573,-0.04839709479444555,0.1724294809372989,0.1546297454711567,0.210808989264746,0.0667322759517523,-0.1457338545156271,0.04728222423761051,0.1597422929963371,-0.09784679943147651,0.06246208828958698,0.05977015676295684,-0.1105116940774528,0.06767361978092151,0.04230417689363744,-0.01568369871125565,0.209549950178094,-0.02530026346116295,0.2225250847932806,-0.1848795797152352,0.1936463229146892,-0.1684739608867138,-0.0009472313755754351,-0.09006123211838302,0.07019226362050084,9.637380051390365e-05,0.1204962714688286,0.1550038958470221,0.1595479015040682,-0.125412852219961,0.09592462215576776,-0.1586115857418617,0.1858450057935061,0.1273435351407012,-0.07229637154410708,0.01747666342829632,0.06711379570382654,0.1245818165765907,0.1094794699367117,-0.1208337601651427,0.1745889009112572,0.1844086286632348,-0.05679809969597228,0.1685664759949894,-0.03692260562599221,-0.1339721883472084,-0.1641511756533647,-0.05702623874303094,-0.2017905387365131,-0.1630345601694212,0.1849931323725746,-0.1480808599973441,-0.1838952711731641,0.01731836539740036,-0.1612718243584743,0.123800268025408,0.1826800019132664,0.1187599529291927
0.1397876403619038,-0.125629676888447,0.09948962873525694,-0.06056504679708558,0.182576901017032,-0.09089901925636724,0.09509394814047291,0.1541048653545215,-0.1390872928699259,0.07640703527540027,-0.1031425664418978,-0.129684125362139,0.08100007957139059,0.1052153679636587,-0.03926150684459514,0.1832220812964523,-0.1002680152214198,-0.1153842858141861,0.0505067115771174,-0.1672984259395194,0.05473498700804615,0.03826626269670734,-0.1002643840198688,0.1500420195663537,0.1559780146445408,0.1891902415456214,-0.1562292276974838,0.02549346913340946,0.2085173274222941,0.01630978166444755,0.1510060536768646,-0.2123714958052246,0.1169357519280675,0.1446497132341772,0.1271527817069256,-0.2043308772642538,0.1908674546416108,0.001215697923038069,0.2218886405673945,0.1213775416680938,-0.05908306234852489,0.008816143591269591,0.07153715031179708,0.04023854873778088,0.1030358735335695,-0.08789969628167725,-0.002081068950599219,0.06644109267254994,-0.1408840076738297,0.1197455841920873,0.07381907606558027,0.05231018503515658,0.1152230457838769,0.1701277384802723,-0.06660997373153664,0.09924170390384454,0.02070977518218026,-0.1332760829638873,-0.06499236523367063,-0.01259917624637672,0.009781205202360825,0.05741951020904297,-0.01639859882370105,0.1952480292845311
0.09365401076375447,-0.1515295739975515,0.1078810741790405,-0.1659719973394067,-0.03595965767299796,-0.1317990989941477,-0.1377051221470779,0.1615887341850322,0.06346439331134053,0.2056894848488118,0.1013876694744588,0.1092692854091988,-0.06678267631748309,-0.1646127312099937,0.1551867052860199,-0.174848807877367,0.06089588948761994,-0.1662516727169059,0.004518698925842423,0.09536048971293612,-0.1890618591531998,0.1581115556276626,0.1882277348639985,0.1640702904516515,-0.07542477110394348,-0.1512380319196655,-0.1109051550463411,0.07960108957349914,0.03654455966346405,-0.1526731400468863,0.1539699224815707,-0.0686637870623182,0.07686228528017013,0.004534735837965177,-0.08731069101502685,-0.001241295734325768,0.08197677425650565,0.1875024608093896,0.0482983674974143,-0.01227430837074161,-0.09531330976126912,-0.05393477986323255,0.1369197512090809,-0.03034169366763568,-0.1085605779471071,0.1859013393983007,-0.05854959824513217,0.1383148775588251,0.03578262332184304,0.1815805164901927,0.2158184824140641,0.01453173014097456,0.05602778465758874,0.1959015542380523,-0.04963674983517779,-0.136138727434978,-0.1640971161430802,0.1070308762611089,0.02882780699621171,0.03854526382687504,0.05799425841001002,-0.1632455196705046,0.0929291119180396,0.00943043340504697
-0.003454859948834456,-0.1287293060606954,0.1443719262755766,-0.02274363642604302,-0.144290607891232,0.1768209070650004,0.01116114095116295,-0.04745280111067746,0.02479208687581778,-0.07263718647279378,-0.1170736675855291,0.02465380443886902,-0.04807811989575678,-0.2450235585436403,0.1714742319838959,0.04901791605941528,-0.1483230216383846,0.07045565693841499,0.01768182278571691,0.1010030337819656,0.136281403517636,-0.1362620426338532,0.1250014584958043,0.0781512833269615,-0.07262417762671038,-0.01175986052199691,-0.08135175930790343,0.1927177842227324,-0.02733482347668591,-0.1121059718966401,-0.1865511862739442,0.2071839500732496,-0.1949028448451485,-0.09500823923721978,0.09534128384989383,0.1930422934428818,0.06092802163675945,-0.07077330394173352,-0.2062587361918588,0.1157187456134175,0.07903059981092389,-0.211477298551407,0.1057057004362444,0.1344650275325305,0.06824830668579401,0.1877518654478614,-0.03099287097015596,0.2297367451858683,-0.08506648525890069,0.1059100951008554,-0.2082993937680531,-0.1949671786540924,0.05383805724641211,0.1755867217445862,-0.09845729557636987,-0.03133484778285444,0.1912190254865012,-0.0800628172866663,-0.2108463285496575,-0.04793719082530235,-0.1117511336588422,-0.09919329622379383,-0.0101449851762008,0.1977953408606516
-0.09058121071945024,0.09740686840909608,-0.03630508059781494,-0.005016096438352962,-0.07034313586292652,-0.08145585090136581,-0.2107873110925958,-0.09445101035472558,0.1536585928713255,-0.1426392339721134,0.1498250263440949,-0.1121991878937637,-0.1915563233615568,-0.1156495853799938,-0.1488806897321628,0.1942227431881683,0.1823442081321348,0.193501039232668,0.05312882229585453,0.1331837523481623,0.07431920261339221,0.1497280008480444,0.03577740929361212,-0.1172964352702941,0.07074435857750001,0.05501354964781158,0.01237624807429187,-0.05980261211240632,0.1709129890423204,0.1020383453766209,-0.01849381323825674,-0.1194841373485507,-0.03410088421039364,-0.1658124445058865,0.1954829538154386,-0.003388443251760003,-0.01021163855328013,0.1492715971346724,-0.02170527173995499,-0.1826589163166557,-0.05513113220930283,0.08740265421538158,-0.1870359956313757,0.1509631877990761,-0.1013430318808709,0.1992636896129021,-0.09867706274888267,0.2289388961860752,-0.1769649828481701,-0.1142048990691079,-0.1243830575363477,-0.1351089119956579,0.05290045760254949,-0.1963487250513848,-0.155115509660889,0.1817488414385337,-0.03915481315564266,0.1739714628837853,0.08166999466797466,0.1528061660008467,-0.03249908886355557,-0.01540801137435538,0.08389388126555505,0.1684823488170076
0.1974718682794544,-0.1283701989452055,-0.1064934523601848,-0.1695600893216058,0.1138865543905386,0.204574564066527,0.02581868619202243,-0.1793916441040408,0.08273442275495561,0.2139808909786285,0.2027429013888561,-0.06789173101236053,-0.0452552482825642,0.04451155490709536,-0.1810688549251891,-0.1629604660563594,-0.04302817054402956,-0.1796843618281373,0.1914595503004329,-0.07235612579358766,-0.1347266024561627,-0.2062170294902413,0.1413029265936577,-0.172338012298318,-0.205138943691876,-0.03558146335564502,0.01189305733517217,-0.04141459690337219,0.1439030460467079,-0.06671894481025775,0.01032550551159843,0.1988578937689318,0.1074836264470481,0.1743005253504282,0.1057500994406093,-0.01652704874429073,-0.1294833295604608,-0.1876402931573092,-0.06157222263727895,-0.1031020244701777,0.1791194159714806,0.01236607016922175,-0.1398699278022821,-0.1610995422686412,-0.1549089011048743,0.1848368208515707,-0.016847882558542,-0.1023718951880443,-0.05016511373604639,0.1455431292883473,-0.1373190776536662,-0.1682256376593398,-0.1722358479694984,-0.204178317797469,-0.003532185980389266,0.1111975518467912,-0.0005303890894158752,0.2012575305261089,-0.02114316741946952,0.004586181534560127,-0.165152078366061,-0.1308490874180815,0.1015511781273108,0.1923054787355442
0.06897472367760878,-0.1246336833965125,-0.148216952946041,-0.07101243925602656,0.1726102412253034,-0.05761946932131071,-0.001565896851590679,-0.09402173122662813,-0.1810281648027368,-0.2170316420308047,0.07610559857321773,-0.1774382891437843,0.2128030698427472,-0.05264492518592545,0.02632981805450203,0.05602320438622373,-0.1296463306195514,-0.06155795896172284,-0.1160438858914149,-0.1044786181933867,0.1088576931160583,0.06646282144180606,0.1481578876829135,0.05091386858959531,-0.007952889928808719,0.06894410088068431,-0.1150366025590358,0.1434653321545099,0.20571044419805,0.1801392740429874,0.1856159088920843,0.09431749906480096,-0.2123109283642912,0.2002420907676633,0.06572399217119425,0.07867396015415959,0.1224837162615106,0.183378748419578,0.1410586382152687,-0.05745477990826201,0.07481136035519884,-0.1417322103588125,-0.0866499994507563,0.2005056103362545,-0.1005472578671203,-0.0668544205124857,-0.1032275437558586,-0.05492014596215273,0.008305789382306595,0.05860836557614213,-0.1870845597452851,-0.01953743585852616,-0.1755988330684174,0.09943134187272214,-0.1148082037119067,-0.03059680534599483,0.2086034871925737,0.09476040698574617,-0.01919187005070803,0.1654625657371747,-0.09784858604923347,0.1531203810195321,0.1096156342267866,-0.0445757567672096
0.136170852872435,0.111704032842985,0.1161899413830439,-0.008486771402181289,-0.08570184853832608,-0.04748846657833208,-0.003930903291343827,0.1902681166122923,-0.1037363784671611,0.07305304230211929,0.1617685472425796,0.207864116244225,0.1339740550069456,0.1380382061968654,0.145595743290562,-0.1649413517956224,0.1518962016262705,0.08342881356690733,0.1623323277391462,0.07558535795582422,-0.04781932689847401,-0.0861514866549746,-0.2037550676543258,0.2010726343269517,0.1005252130429581,0.02027873298359023,0.06174835907269398,0.1118423498815049,0.02945807099817998,-0.04715930858419409,0.02427183517426666,0.1248569604620449,-0.100473151569437,0.1697184829355262,0.1365097477076658,-0.1628957195181255,0.05730718358207011,-0.1661535121176896,0.07487267243553826,-0.198761706574356,-0.1918809183468593,-0.04291726845209661,-0.04294550093683924,-0.09963943099172874,0.2072944733041432,-0.1441992769812614,-0.1869271790435192,-0.02578179241872455,-0.1124146603840607,-0.1807452832718372,-0.1738127843410458,-0.1883733723755933,0.02405392362672198,-0.1447300291968386,-0.0204576952015564,0.09174224567427233,-0.1007502914490434,0.1695102821682241,-0.06343869954951736,0.1046855961648426,-0.1760019056876757,0.113369098371649,0.03636299455879469,-0.10449670624299
0.001842335345045431,0.2139392869532639,-0.177158356496669,-0.2121644020794571,0.186161975410443,-0.04308325779776081,-0.02491247548039502,0.004738018278554697,-0.002862253884725528,0.01835511534374364,-0.1138441159412638,-0.1105819716507135,-0.01968348536856573,0.08999912003178871,0.1125809921739223,0.1400198282570845,-0.2098452882160636,-0.1857203119571325,-0.1827202195768914,0.02611471556648562,0.1202669098414541,-0.173646584928436,-0.1099634624028954,-0.1784068790090362,0.09710668055745025,0.154877949037989,0.03739402640868193,-0.1155110724478933,-0.1608509743599263,0.09892981654410768,0.1937266474633309,0.03328518907525852,-0.0268637285008039,0.1231424243347996,-0.05617351842693644,0.1126762341467775,0.009350806526780062,-0.0824639359625948,0.1370008783904329,-0.119297793813685,-0.03093901476257796,0.2208127245034362,-0.1010498732582547,-0.1993092479624595,0.0247094501618069,-0.1999383495891134,0.1213495516368886,-0.003391995975916657,-0.002756734046022551,-0.1414869948631786,-0.07916140165361675,0.1247348619704929,0.1692802704478835,-0.141036001634013,0.2072972081764205,0.04777454818050959,-0.1640234885811785,-0.1294456007390756,-0.03371558235190449,-0.06455551633015089,0.054347429484999,-0.1749045271275976,-0.2022688158392673,0.03904027046535469
-0.02052563197383899,0.1906762300556837,-0.1318040195572389,0.02325293715927669,0.1943181898755304,-0.01771851497192341,0.1933603315976202,-0.009346927020100681,-0.1381505922839644,0.1700699345318221,-0.03719813415094181,-0.05672576545230566,0.04204193709769648,0.09745825428852098,-0.1247905249926653,-0.06730654505618937,-0.1490461315156599,-0.1354529566230231,0.1939377031754616,0.103910983039985,-0.03882610038665166,0.1118770308166015,-0.1403232955215833,0.06416031603939856,-0.07087133166688808,-0.1434223564674289,-0.05205652161851469,0.1915303772387828,-0.06406582627170131,0.157981732182468,-0.1707888537970783,-0.2137933281390377,-0.007310194409331977,0.08687633288284688,0.2371222934950448,0.1944502277360703,-0.1058693888083081,0.05940398206495417,0.1688301995666054,0.2068927292199989,-0.1379316525802874,0.04691732298538406,0.01128327030702264,-0.1370024417725047,0.01370088329488675,-0.04908002620303521,0.08939141683741127,-0.1115058940087675,0.04678820279680477,-0.1434000003128943,0.04732838913639137,0.07485247745149125,-0.1604557672286166,0.1474704136174512,0.09200252519342236,0.1609310440979225,0.1251651315661894,0.1997640403213068,0.09966493957323959,-0.1172106778129472,0.04985639964011106,-0.1850979966605123,0.1527114713233975,0.1206748793841412
-0.09125485670220071,0.06138163917974989,-0.1615425124804009,0.07744664296443197,0.003653170478484842,0.05186042051579805,-0.1852826979991964,0.004778747208359301,0.1752277941043737,0.09937200768259452,0.02287866606359836,0.09940392724282592,0.2085605291506675,0.2201714508746654,0.1854937784392403,0.03400407987237818,0.1571110656372898,-0.07333918342277529,0.1214294258062038,0.2056832560605629,-0.201944477257869,-0.09420756285106426,0.04238713702806211,-0.05297582602398751,-0.04382435272493844,-0.133487054451268,-0.1946002028271639,-0.1774156451163812,0.06116675864097584,-0.1903474338669198,-0.02345242833323036,0.1235075662115963,0.04702758141039854,0.007518957437931276,0.07001866854883498,0.1415881807894433,-0.03581506829270398,-0.07359963381445538,0.04070822143252463,0.1296046185363879,-0.07295069973915785,0.1471838221533479,0.1598629300491191,-0.08939759214860912,0.1388298251421635,-0.1084718812353839,0.07211885433668866,-0.1215156193516371,0.1716513813644285,0.1991470296068035,0.04452089437866926,-0.1277103635222505,0.09197372070961028,-0.1087280713723688,0.0821539710062629,0.08025482654043219,-0.09356304077906898,-0.0189433069445794,-0.05273082111710613,-0.1759501718065745,0.03123303151042283,0.1632029817837989,-0.1080744117573684,-0.1443866745857903
0.1162464501193822,0.1905157043095309,0.06751857111145659,-0.1876843868691307,0.169292846293335,0.06821274123096552,-0.1598893345051482,-0.04669594500957428,-0.1997063363735069,-0.01104275952422819,0.1449628331442872,0.1944689241725924,0.1106553922133985,0.06230191838972653,-0.05797021327687456,0.03345787142795056,-0.06337544191291548,-0.09267549866973487,-0.09293199048458513,-0.1984470550558025,-0.1252312664765015,0.06977029809425554,0.07494175115976082,0.1024415590292073,0.1060478983566497,0.1482117943786417,-0.04412678860782956,-0.1482450402989436,-0.1928526839842075,-0.1943731799056921,-0.08151612903992507,0.07045611656514907,-0.1916013326763614,-0.1939842383747061,-0.2281115952494907,-0.07119593207885011,0.1480314030370878,-0.1742280218310662,-0.1605852847607512,-0.09685365358944983,0.1111039542050872,0.1861649535265303,-0.1906316223118172,-0.005270233608329879,0.09570063655986952,0.002788809275333857,0.02492605249262803,-0.1127286675616078,0.1889957763474476,0.0566284389461028,-0.1523133786597808,0.1053382785665364,0.1164113597511648,-0.07734154936159857,0.01607980929132595,-0.1976548056909656,0.1027184460988865,-0.09438619557064944,0.1257508488472486,-0.09390453694908245,-0.1156489405160265,-0.03255176404361572,0.1866503355694542,-0.1187704491212573
-0.2036383992119421,0.04987667985295416,0.1065173785423201,-0.1023051551919573,0.04080287947151828,-0.09330738342475191,-0.02772728189145648,-0.09407417404040296,-0.1173004526221665,0.03106506907523038,-0.2057187139016566,-0.07365472616082999,0.09654379333018324,-0.1227131787136777,0.1818937613131725,-0.206362073144922,0.01705748588339037,-0.09271181194070985,-0.04402240054242555,0.1621429892684762,-0.07570411119671958,0.08196514601080362,0.1291844939161381,-0.1741031674275692,0.1006976843803143,0.1038563261879979,0.05499949501034643,0.1578515203624306,0.1800762896691342,-0.1720653363903516,-0.03788005426142895,-0.108928854637653,-0.01728963104384572,0.154345384316592,-0.1499880384298976,-0.1300060506002334,-0.06598180968988367,-0.08763568307528954,-0.03374716596370819,0.1897045102226422,-0.219572365206559,0.1093852855102895,0.001138509081315861,-0.02305410924443141,-0.1083369510182597,0.1426292388675444,0.059403232641121,0.06284382964085584,0.1230079278281095,-0.1205628675230891,0.1172789439937049,-0.2140792509029215,-0.187532017961227,0.1554699363084693,0.04949030399744903,-0.193369338045118,0.1342360302882145,0.002570792802747187,0.1798177188165668,-0.1583661594003845,-0.02994501656010461,-0.04697886500071586,-0.03288183605699416,-0.04737858028487313
-0.05596059439095931,0.1106641290027198,0.0826318787278693,-0.2186869598236964,-0.1664827784038417,0.03298308729591103,-0.1077822596760243,-0.1648621604166721,0.1701070243119052,0.1703058597676681,0.01256325603966881,0.05749722386788963,-0.09823283958956139,0.0001134832034443697,0.2130427000840231,0.0876378569214607,-0.0810113339880519,0.1859582091072478,0.1086516955266643,0.1518143656951463,-0.08014771963022911,0.01143303104144053,0.147780591280374,-0.01938920830272183,-0.02427700429057893,0.1679750294418723,-0.03722400479669924,0.1360165137620447,0.03686162157119722,0.1720408497715178,0.09298987586989664,0.06553898704143372,0.1932916550556884,0.1038985498891042,0.2257505337153354,-0.1346187445532328,0.08785542892643521,0.1065880832339921,-0.07896185233959484,0.06508765714133793,-0.1532334635151105,-0.02910907031036382,-0.12545727083852,-0.2056550064661641,-0.1119009428993124,0.1945558489681761,-0.2128089694979632,-0.1912418104972303,-0.1942620668712877,-0.001926881785519751,-0.119983916241883,0.1413053844936504,-0.1336671967488111,0.065435423794617,0.0061553470443017,-0.06611557231753117,0.1216078904579578,-0.1935294670007078,0.2267650102988337,0.1659204253534705,-0.1722405274960241,-0.1546279996525232,0.03030343598852403,-0.08855335465761255
-0.1036068739030117,-0.04565823132514445,0.113612020712112,0.03311106977215953,0.0296160485995229,-0.1930128046645358,0.01246827149209887,-0.1745741839102746,-0.1476504159097583,0.01103921098570178,0.07640514694289507,-0.1464968619386566,-0.1723622279940847,-0.1479047119791089,-0.2001052253007154,-0.1249041770483615,0.1549315174682418,0.1724098864746565,-0.201993392428202,-0.09414649948031299,-0.01355026179762065,-0.04071164625577509,0.2067703830909445,0.1829545942691274,-0.02330434317825187,0.1849340129603271,0.1393821874571482,-0.001525042881125339,0.1072170617807319,-0.002000266577374698,0.1108692908759763,-0.03205218056394969,0.07422719732970905,-0.04521435409572283,-0.05830920862771918,0.0706597039251361,0.2039167881781423,0.2004410246801661,0.1330591822847686,-0.1081469285553415,0.1392772977010673,0.117397934092875,-0.1503414542860746,-0.1333402769720341,0.1739039633429352,-0.1963766161897365,0.1386886916229061,0.03405973737006615,-0.1539775218532451,0.1222789975988502,0.07187814637527119,0.176284361977266,0.03609388991472062,0.1694487879260272,0.06679991482852403,0.01615687212652808,0.1625230121596519,-0.1768668794934915,0.09382177526778659,-0.1736366804462965,-0.0287580364827287,-0.04381828256382193,0.005787087639752579,0.04272234511752575
-0.1675473148072164,-0.2204808769558106,-0.004604384768870457,-0.009893808644846335,0.1922388205306612,0.1170855527402372,-0.0524096446087543,0.08395869920495302,-0.1294067888530359,-0.1908823739144611,0.00583847550959518,0.1047377065567767,-0.1385585345453755,0.03979015815236309,0.04682611243982528,0.0328739066900471,0.1439897291619016,0.1180443959290987,0.2002475921011821,-0.09014283162639621,0.1006801546854754,0.1561566852642985,-0.1179553922733267,0.04347247164333529,0.2184253286803325,-0.06903670762972307,0.1954920232988575,0.08465917325015763,0.108817675940376,0.0779788401993752,0.1316241119193912,-0.05118794462562013,-0.06044074903021956,0.1455839238735495,0.2259520677974329,0.1407236438547806,0.1943822374269781,0.1903461773502816,-0.01067029982243821,-0.07001374700749134,0.121707668254173,0.1508319268378506,0.1271738974278075,0.1296966266099059,0.1934456121808411,-0.03071661731277824,0.009291340904705505,-0.01231676966110187,0.05058862680706114,-0.01620516815792449,0.2109742566814577,-0.1856533945357885,0.05769938359456628,0.1570790363406925,0.007301879033824308,-0.03833023405617066,0.05062937523354791,0.1100294960812742,0.03511851082222791,-0.1263196079736747,0.06925657173020434,-0.0188915508798159,-0.2002495675793312,-0.103689249585048
