0.002300823374471304,2.805329402983182e-05,-0.0003798914000751395,0.0001432568296363341,0.000263277943368342,0.001736703064363455,-0.001679781495010618,-0.001769007529516844,0.0003740803405887847,-0.00033261738731811,-0.001284920515346627,-0.0005222134882046544,3.210845464251832e-05,0.0004501089839407291,0.0004513849005011259,9.748612372394654e-05,-8.62778451046277e-05,-0.001369054205992328,-0.000712599911737867,-0.001482475728552469,-1.198734468639196e-05,0.001332778585120035,-0.0008909703267501352,-0.0001386098222645886,0.0003632957284140454,-0.0002123454828565823,-0.001373231379518525,-0.0004012028879210311,-0.0001497822808688434,6.066962567731003e-05,-0.001047726064008942,0.0001378498429577932,-0.0009812897073488806,0.0001259469355071865,-3.364035953687081e-05,-0.001709203022158371,-0.001429223911829513,-0.001529613459898761,-0.0008625221988039223,-1.524864633242429e-05,0.0005428873673198596,0.000173498905533436,0.001450093775759394,0.0003201020446724133,-0.001459330257462343,-7.140439586657659e-05,-0.0006327831645362033,0.0007700569493546618,0.0001897818415686263,0.000328761242759127,0.0009492884769201869,-4.353304650429459e-05,-0.0005013643673702832,0.0007467893446068695,-0.0002074747639554812,0.0009705927117416624,3.818652362487657e-05,0.0004372737320805619,-0.000687328772636803,-0.001307236398094093,-0.0005912885520320966,-7.893084465943137e-05,0.001311499041153659,-0.0001699582984087735
-0.0005426941570059818,-2.418644916727504e-05,0.001348264882668067,0.00104754742208833,-0.0007897061605107429,-0.0007403979958011466,-0.001194288659999187,0.0001209782996700343,0.0002555541421676469,0.0007003607793929878,0.0006762729240254638,-0.001688473527365472,0.0001279863377092203,0.001008527681510232,0.001171122908512627,0.0009619172881219357,-0.000278337771555656,0.0005569681368964534,0.001294184527597129,0.0005459569052309322,0.00148665721875788,0.00141048803862664,0.0008751173818104926,0.0002117417753457994,-0.0002929482396911089,-0.0008363726437546702,0.0008166847292467364,0.00165251578425202,0.0009087741393754686,0.0001847823795786908,-9.006806259585143e-05,0.001850166762371331,-0.0004100311224355834,-0.0007003689739101043,0.0005683515968939741,0.002104135631581241,4.601327099360265e-05,-0.0006384114032591701,-0.0006208117320467262,0.0002266921673841406,-1.794367330668742e-05,-0.0006057020232951496,-2.911175103487968e-05,0.002522951474022668,0.000959158738403644,-0.0010881444368542,-0.0004454459955451667,0.001265113055757154,-0.0007529481881168017,-0.0007537550138841119,0.0002721952443748434,0.001839975923381651,0.002312740333154945,0.000154061853663662,0.00032684156668112,0.0003134972005675851,0.001472531851554456,0.0006513669448633636,0.0003367833469739787,0.000708045478787266,0.001666388331345733,0.0002465855992567431,0.00100573510710459,0.0005500788580667133
0.0007997234186987589,9.78501531511697e-05,0.00284027021234906,0.003324819423959831,-0.001067156125790964,0.0001808270166810156,-0.00361274521775465,-0.002538902515545308,0.0004092793295334543,6.957454880305596e-05,-0.0004445580544172676,0.0002401797082505005,-0.001010829141371654,-0.002786954324751727,0.001233592031981382,0.001467419812893953,-0.0002015052701520814,-0.001954561031134889,0.00037623291043915,-0.0003354212303416348,-9.448964681026021e-05,0.000197845545298292,-0.002608798054346303,-0.0007705194982031124,0.0003074293092227077,-0.002410095150400886,-0.002423329155306207,0.001586161447929025,0.000558895103098026,-0.0006517245039952934,-0.0009829592906661945,0.001045459125328047,-0.0007801190972379784,0.0006589600449845356,-0.00188283059253584,0.0005629938071772269,0.001514805042581738,-0.001047300517072678,-0.001463786536848459,0.00101974294581163,0.002985659587411738,0.001844038079858499,0.0002171680256094291,0.001803594875469315,-0.001267138648836211,0.0008037456389684961,-0.0006996829036857393,0.0008828661491683675,-0.001108937650517017,-0.001063287089093709,5.895535871564779e-05,0.001111452631415458,0.002015408924120721,0.0005612284733945401,-0.0006934159454904512,-0.00028149319789059,-0.0002587412593742226,0.0002744195275932203,-0.001357720066439875,0.0004468759299154801,0.002488301808718575,0.0006892698068744825,0.002891343310120326,0.00175688444059671
0.00173193325577315,-0.001188312731473942,0.001116841599376251,0.001419528083288203,-0.001093589777191966,0.0002129538495283097,-0.003449992151306153,-0.003167887018983993,7.770474950655021e-05,-0.0007623021128699191,-0.001745064236689155,-0.0005641822238935564,-0.000682785482419095,-0.001570681790634995,0.0009413150988838835,0.002127217147277846,-0.000279732579986277,-0.002883022300380274,-0.0003845396856067926,-0.003036311856132605,-0.001408900469188613,0.0007098357734587731,-0.0006890967198712202,0.000158010190853842,0.001026301908804905,-0.001141375232689832,-0.00129080416810144,-0.001534289540515019,-0.001445969999320298,-0.001536297734563512,-0.001758428686315852,-0.0002222358820820962,-0.001125671558378759,0.001024384146163689,-0.0006117613979002451,-0.003034777680828333,-0.002166641845419967,-0.003140462621042223,-0.001492357066004206,0.0005247844119092785,0.002076507538005794,0.001959705960805924,0.001103325479131657,0.000551949947410581,-0.002933905688089063,-0.0001598398828620655,-0.00089796120601498,5.435490093811963e-05,0.0001336971928518683,-0.0021570599359207,0.000149943797332253,-0.001198017638675082,-0.002178954277427575,0.001325951123509882,-0.0001165951334205449,-0.0007609746021313449,-0.0005571364039265807,-0.000258738500925423,-0.002095427493337959,-0.002420813543642992,-0.0006647789954080506,0.0005195166575131641,0.002704088452817367,-0.0002575339473999398
0.003615057117206626,-0.001794949231824566,0.0002169629755722382,0.001548441883623952,-0.000472450856767331,0.002070868679508083,-0.004234022954028962,-0.002993154006923162,0.001101240439110319,-0.0001619672808832618,-0.002576141460614299,-0.001314695004201409,-0.0006381589236733504,-0.0005185543090896116,0.0003839457215831528,0.001735448866844634,-0.0002326759773756686,-0.002936540007011306,-0.0003523744310286083,-0.004145387306860909,-0.0008090951923804215,0.002092410463051949,-0.0008717222069866875,-0.0002534001907101508,0.0006793753655015075,-0.000275840664590481,-0.001979516978764469,-0.0007384587239076001,-0.001754805990040485,-0.0006993992778888936,-0.001690624338159477,0.0005722660804154941,-0.0006906957399891131,0.001688410281942656,0.001034300442783841,-0.002172751495836666,-0.003144456859762822,-0.00391987140027446,-0.0005840890599584284,0.001556015705186218,0.004059815414448034,0.002857334017169654,0.002716913120259585,0.001675842010217075,-0.002588410208143524,0.0008024347992559286,-0.0004705659265980366,0.0002069850094482281,0.0003732123396699554,-0.0008962452734503009,0.001331347825060791,0.0003525954688829117,0.0004659929292518591,0.003179872640727983,0.0009753934170289838,-0.000229605325767128,0.001091816612058869,0.001550259107256755,-0.0009983817723557367,-0.001356314485534867,0.001073804095763119,0.001083862549916881,0.003387718095101393,-0.0004862411450879945
-0.001975305124133839,-0.0007759143002970146,0.0004695911046696786,-4.248903428493517e-05,-0.001693465635255566,-0.00295025851813645,-0.0002163092747662281,0.000223210643732455,0.0002356324093595084,-0.0001894375015917161,0.0007957855883054588,-0.001459040336362309,-0.001456485799842515,-0.0003153786418600716,0.0009583022241904338,0.001212126383970642,0.0004930940769189214,0.001055633722477689,0.000844543704445986,-0.0009115669439977105,-0.0005463705780964601,3.93863664544588e-05,0.002657674467793233,0.0002507867232682232,0.0003017368942023802,-0.0008763616861138429,0.001427208535155359,-4.004759243320479e-05,-0.0003595159894117468,-0.0008057316959081986,0.0002041714483641006,-0.0004655064227797791,0.0002302266860588236,-0.000967020305681541,-0.0003801718822915432,0.0009601645867991736,-0.0001190965979285477,-1.883201950114092e-05,0.0007955700483664723,0.0006307430182979362,-0.00034678171213106,-0.0005293426344450449,-0.00168936388479535,0.0009073071017274514,0.0008261566063646078,-0.0009304657376826925,0.001204983297031728,0.0006346617815488812,-0.0008264169460556674,-0.002110504781884878,-0.0009991624951232721,0.0001916082153138713,-0.0001674892211344449,0.0004797423573800372,0.001502958486212025,-8.380581708131534e-05,-0.000203398345839027,-0.0005580030550111047,-0.0002291205389797382,-0.0006389177709257778,2.181661719644234e-05,6.019842678671322e-05,0.0001409821381090454,0.0001710999919643678
0.002050833692534928,8.56813673676021e-05,-0.001523721474998723,-5.921775459811501e-05,0.0009114017568743982,0.001481657617333028,-0.0006492550188706397,-0.001158979868081511,0.0004401660623956404,-0.0004423241795845724,-0.001161945488207395,0.0003088280669833258,0.001086083399320269,0.002102250121728156,-0.0003603961296745884,-0.0008209395169432133,0.0001738490559045089,-0.0004002220530650803,-0.0005005275898576043,0.0006566672496162994,0.0007806632381963635,0.0009596970787220096,-0.0003409735376655335,-0.001065090404046903,0.0001423264410471618,0.001174253296201422,-0.000471045232154645,-8.865235810314731e-05,-0.0003236493037300555,3.460224676712367e-05,-0.0007818630326674579,-0.0003337587615105005,-0.0002657412611472841,-0.0002465589965521144,-0.0001256236578661573,-0.0005903400233569173,-0.0001248218128311564,0.0001866982354278998,-0.0001872300444451535,-0.001166278914145921,-0.0004302567550770858,-0.0008722923256171915,0.000178596175063742,-0.0001210070445510371,-0.0002411287661975716,0.0004688118396288531,-0.0006529802841424255,-0.001011728850260961,0.0006879973512715303,0.000729486533703217,-0.0003985505112982035,-0.001162788224037539,-0.000623930938685381,0.0001279364346628166,-0.0007359357207508519,0.000181839671785851,0.0004085043645800759,0.0001676941837568873,-0.000576506498559331,-0.0006397043121739405,-0.0009386329808695196,0.001004910948375911,-0.0003085142355216837,-0.001233502604649418
-0.006765276055872239,-5.311664228069362e-05,-0.0001992470052818029,-0.004140571736824594,-0.002165641278229669,-0.006620674380308303,0.004175888268069172,0.003144679851462804,-0.001729589041602497,0.0006860743615452438,0.003384158812247139,-0.002228230163215126,-0.0004436206334768387,-0.0002108535350718405,0.0005771031134592324,-0.0002061095172273616,-0.0006661898619588455,0.004277749322204416,0.002367082709468098,0.002986059896750329,0.0003285094502160234,-0.001668856469066649,0.003945140213617479,0.001117129862632964,0.0002968888807243749,0.0002998915169564132,0.005274499396890232,-0.0003436331005485089,0.001902017564712058,-0.001097315479652566,-0.0007668855473889303,-0.002168811741996583,0.001932796853516633,-0.003041232754451652,0.001953725892402574,0.001814559693509291,-5.202401942484035e-06,0.00214660659104338,-0.0001675400134581432,-0.001160646407500963,-0.004138685824036175,-0.002285273664770993,-0.003543381254249092,0.0009696030063065394,0.003108953891531099,-0.004712556372958,0.0003767950041493544,0.0009183462990814451,-0.0006087097777083106,-0.001591329794639008,0.0002902124800361015,0.0004950680636553406,-0.001468802202858442,-0.002688374573175021,0.0006815460003427841,0.0005338069785754924,-0.0004761594111155046,-0.0007362781279072637,0.00254985526683542,0.001151837231462399,-0.001260445306735548,-0.00219525374642306,-0.002657763857508893,0.001125136360392799
-0.0006541473353478664,-0.0008753508419233197,0.0009764648386748319,0.000957832063710148,-0.0006257590026914014,-0.0004125870244427471,-0.0006840672321540613,-0.0002237918827016401,-0.0002198546456671591,-0.0002437978745700605,-0.00036884715107224,-0.0006889620165042412,0.0002467872372595777,0.0005451387921671986,0.0005479689629811775,0.0008951591767773695,0.0003888071507628107,-0.0001904547799596762,-0.000101093844303281,-0.001150521557655926,0.001215415705985473,0.001074407607212441,0.001822414576347428,0.0004389987868472032,0.0001458595531361599,-0.0009510550137493046,-0.0004741090602192925,0.000173545226229856,0.0003554292424168007,-7.841214285452768e-06,0.0007768074790697645,0.001045227680150791,-0.0001527149422259306,0.0005351199918782243,0.0004401721106761608,0.0006041257314440156,-0.0008354316039064038,-0.001449926506710466,-0.0005049047762860155,0.0006892550881431883,0.0008071022976104598,0.001816215314417542,0.0010152499837179,0.001423794737418939,2.951526304263417e-05,-7.582707976419083e-05,0.0005932090788850024,0.0007538975540538756,-0.0005835022335553261,-0.000200815833265929,0.0003497276187814909,0.0005543577807517056,0.001006413293228835,0.0007728048683974384,0.000949263552000913,-0.0006377447262085686,0.0004998522371372077,-4.837333301877974e-05,-9.686842176708985e-05,-0.0002774009978373996,0.001418310761618481,0.000336156570575164,0.0007664037473001527,-0.0008141331542004207
0.0008824356490919897,-0.0002315382038412269,0.0009094379143705952,0.001329219359147778,-0.0005521775834134142,0.0001369078657083408,-0.002330860414510368,-0.001067530951671714,0.0004450820871845584,-0.000181996286918959,-0.001134700857255096,-0.0004705359508559246,-7.689709334526203e-05,-0.0002315048771770972,-4.971963506979094e-05,0.0009587203555154996,0.0004492970692982656,-0.0006488431108120313,-0.0004252427060557525,-0.000883688822668328,0.00121911817392144,0.000831205442317502,-0.0002130384994873849,-0.000693896581133634,0.0001284889411326007,-0.0008061344202060685,-0.001614879218917627,0.0004137752465792836,0.0003093188052536328,0.0002067083103755598,-0.0003033427566610766,0.0006199410051783012,-0.0007397495101203448,0.0003534916962030654,-0.0003527248392170332,0.0010534350955295,0.0006625727598278351,-0.0007290046290500585,-0.0003289273652176464,0.000299901157102602,0.002069059784642152,0.002016672372143892,0.000488450085227861,0.001236346055912989,-0.0002408254904905522,0.0009449932099834344,8.16703373495035e-05,-0.0005547286460346072,-0.0004317262870373874,0.000664911943083704,0.0001688193908234614,3.33193571495381e-05,0.00142022443565449,0.001267856161335535,0.000283640156704679,-0.0008080722317323477,0.0002412768067871303,0.001100138032741617,0.0001272290555969523,9.237572918892137e-05,0.001814274351297608,0.001842505068700184,0.001464305286846431,-0.0007972629760289078
6.139411568545978e-05,0.0002444888848341865,-0.0006933657409078576,-0.000132974270537281,0.0007829281458133424,0.0001123697064940485,0.001078664889334995,0.001186602842739347,0.0001107912400668471,0.0003203349307638334,-0.0001338906599002152,0.0003490837677425992,0.0005281650774990108,0.0002964799891592668,-0.0004562681214833787,-0.0007649288115596811,0.0002452385733245846,0.0006965060308308943,-0.0001182525532615592,0.001119007867658829,0.001430817675039949,0.0001647251348404415,7.765145592838521e-05,-0.0001202013460495591,-0.0003165106103416657,0.0008126506398030738,-3.897822996039477e-05,0.0003950914945229191,0.0006607424694922117,0.0005236182453251394,0.0003261729955688255,6.494074241506559e-05,0.0002283222520166774,0.0007480442046259735,0.0006391792909153559,0.001064888434131928,0.0008225866430399874,0.0008436678211924763,0.000107858393783448,0.0002053888149028807,-0.0002555915652245345,0.0002309890416152717,0.0001438392106392602,0.000106830298642231,0.0009711346951035522,0.001098581332126681,0.0004691948275738828,-1.424722203644899e-05,-0.0003132482644134937,0.000954333705973042,0.0005166930350480574,0.0007217017119295878,0.001441200157104804,0.0006610925670750824,0.0003650564920206448,0.0004130839199518828,0.0003892508025508311,0.0003848770184988689,0.001074933611405282,0.0008104660000261841,0.0006960455344949531,9.857061798553137e-05,-0.0001672759758495452,9.018658765548242e-05
-0.0003739119702802302,-0.001274212136107873,0.001117584581219692,0.002743145794767539,0.0002122314083265275,0.0005856108243904735,-0.001639901213384521,-0.002742372184515329,-0.001865767565170508,-0.002058568074086547,-0.001916743010035033,0.001081522703969905,0.001202815617272416,-0.001520514274122759,0.001606339007388414,0.0003912496950457033,-0.000747967718741715,-0.002825811302014465,-0.001355281968452149,-0.0008387025965880367,0.002601435992443206,0.002200764714724432,-0.0003564404328126643,-0.0005798751927979746,0.0009864507756110225,-0.001586144506733516,-0.003191354422850708,0.0007054429657553845,0.001261034901122457,-0.0007076701173158392,-0.0004351742460956844,-0.0002105596980256628,-0.001281233753397773,0.001879100042774031,-0.00139552985167102,-9.199900653565889e-05,-0.000200387741003903,-0.002725912932315106,-0.002910186149483116,-0.0001289617960248647,0.001282888397751134,0.002417754900643884,0.00206467321202684,0.001602416480273964,-0.001877426519603714,9.789420291416252e-05,0.0004003892462569686,0.00168109012273989,-0.0007837826324054416,-2.02044474638289e-05,0.001344053054171804,0.001057130406104476,0.001566705882128732,-0.0004741225098796316,3.402793733410249e-06,2.932998296550873e-05,-0.0002810102171265166,-0.0003731221923076065,0.0002429680163467881,0.00127850809518019,0.002081969411145055,-0.0003651496468569103,0.003205745825121877,3.033869937911662e-05
-0.001148671534839184,0.0008486269486001176,-3.338409743269902e-05,-0.0008086360376172118,0.0005603161812066911,4.418211991031417e-05,0.003015649064794566,0.000125062073336976,-0.002038685281755688,-0.001514670370116124,0.0002833659589340568,0.002193334091612573,0.000943133215415418,-0.0009841885694211365,1.236204254857624e-05,-0.002360369467488949,-0.0007328109694549677,-0.0009825350361575289,-0.00174201680541366,0.0005201252333743016,0.0004673903709212998,-0.00034378224011605,-0.0006621394921592156,-0.0001504890905261929,0.0001672731526765029,-0.0004008697398752304,-0.001842141807638866,-0.0004267510173173344,0.00114640668329636,0.0005673552091202277,0.001412986513272906,-0.001201776827728501,0.0005310499930240146,0.0005069069460661525,-0.0008422987321666551,-0.0004010936080249147,0.0005923799947546064,0.0003652590956694814,-0.0004887313288913113,-0.00029437993382739,-0.001981092177006901,0.0002350576113059305,0.001388747485822138,-0.001694086263886928,-0.0006190738171634086,-0.0002935363568483052,0.0003259648088457138,0.0008546149112074763,-0.0004269631172960161,0.001601805053117401,0.001137591696116901,-0.0001360495125553194,-0.0004882028673101514,-0.002799803771063206,-0.0003152361680269967,0.0009077966955187005,-0.001584588219109206,-0.0009978539754284504,0.001326829502106639,0.001305992420458626,-8.743814034456336e-05,-0.001536693458848663,-0.0006772330525716795,-0.0001121818037656758
-0.001610531712731838,-0.0002015381612548154,0.0005589554775742339,-0.0007997861276436356,-0.001214857633955537,-0.002217210412014492,-0.0003771262370837367,0.0007541016097894694,0.0001199175158716743,0.0003128972415561611,0.0008347686987543714,-0.0008129244941658852,-0.001103128933182397,-0.000811338649564391,-0.0002323362632380045,0.001476353604605713,-0.0001284669390244378,0.0008476805213294505,0.0007442300015951968,-0.0002426123971377749,-0.001014556045550237,-0.001113947852984356,0.0009672932250728543,0.0003995315102720323,0.0001234481082436341,-0.0002436366120557134,0.00135918656940715,-0.0006938223807797614,-0.0003469694041342315,-0.0003949480788679132,-6.186452840875416e-05,-0.0006286028300515225,0.0005370641232845821,-0.0006913492827552659,-5.527530764870723e-06,8.839359582400041e-05,0.0002860055111899987,0.0005263133004342164,0.0004805480450067511,7.434391548647904e-05,0.0007010757021782475,0.0003680109347006679,-0.001862026843386596,-0.0004245321250980475,0.0004499934983117252,-0.0006703296757833334,0.0001424905519171604,-0.0009767477895711173,9.606884114509232e-05,-0.0008660598809199618,-0.0009243134796141103,-0.0008573466650959523,-0.001059223328896191,0.0003134161455378666,0.000366788173519238,-0.0009783030637669254,-0.0005429435912413497,5.145675256744033e-05,0.0001870930289693131,-0.000404704328907914,-0.000386193967160099,0.0005919737570620415,-0.0005641996537719949,2.042392429008039e-05
-0.003215622623704273,0.004058869611381325,-0.003091576398733301,-0.007062004661021343,0.001520144635733564,-0.001704449661985159,0.0106418977711203,0.006619419197770452,-0.0005685855282437558,0.001208271052708515,0.005243542582952493,0.001621804380151331,-0.0006838489918758977,0.001254779081085852,-0.003268650957760605,-0.006609295177175705,-0.0009231409616089326,0.004248639985579039,0.0001472466390569167,0.003410048556805032,-0.004425657346303881,-0.004295469271445553,0.0007513469831638072,0.001247247310752683,-0.00111848932557857,0.003874847881194206,0.005673193758573527,-0.001909785256023035,-0.0008060642871546103,0.001819221869886562,0.003004943910800108,-0.002765620848589811,0.004458756283798188,-0.00356081911432181,0.00221173990098681,-0.0002236544433400042,-0.0009489694883829307,0.005778920589095855,0.005085268723930309,-0.0006100741246821614,-0.008830226672500101,-0.008240594351480147,-0.001959402063958186,-0.006342348883739685,0.003269335204788271,-0.002693015962954021,0.0003573060617449165,0.0002131820758486273,0.00215926469092479,0.001949022815569965,-0.0001961758447848257,-0.0004560088233243885,-0.003537252444889278,-0.005738184364600842,-0.0001709256639372676,0.002638944907232014,-0.0002693804425933007,-0.001022938986171336,0.003477658388898501,0.001596538525181995,-0.00550334336674729,-0.004074295415786353,-0.008614432417351882,0.0009376869105712897
0.0003230334315136635,-0.001889055152803888,0.00152244930334864,0.002552087696915055,-0.001510047913691101,-0.0006179074451999711,-0.005698118569167529,-0.003105873831735052,0.000613468427273637,-4.023250539867267e-05,-0.002097743616637062,-0.001161811901355628,-0.0006761419493660836,-0.001928284923598771,0.001204671508837279,0.003065929014558853,-0.0002977083163524094,-0.001721240882687051,0.0007478834597390377,-0.0006277239287732128,0.001160209174994563,0.001104949277481878,-0.001151735220338896,-0.001384937742568687,0.0008566212319213993,-0.001482892714410704,-0.001589131112575849,0.0004486554807361332,0.000346465756719246,-0.001378970948871141,-0.002466610173687803,0.0005370378370114925,-0.001288929623849869,0.0005238811616499209,-0.001021932408154361,0.0001515229707792932,0.0003695616148406387,-0.002421635302581217,-0.002564691417133033,-0.0005561036286339642,0.004372453902833731,0.002755026014464416,-0.0002624717451853393,0.00367306414747167,-0.0009909890052376927,-0.0001888017762663357,-0.001142286954518083,-0.001169557342737837,-1.311612180853446e-05,-0.001435835977029866,-0.0001954877970302039,0.0005260209671493553,0.001743606745764183,0.001844154236127836,-0.0007528991947561687,-0.001620291870159389,0.00104107784364758,0.001365442543014084,-0.001253985962521278,-0.000132021282239133,0.002212633389029969,0.001704250357302481,0.003420079291650843,7.009192165905149e-05
0.0009242208617929364,0.000697384144674885,-0.00190112527775084,-0.002216777054321645,0.0008091677480137244,0.0006620973835197773,0.001392954423495389,0.001751850584895693,0.001414006367835169,0.0009051671016106701,0.001089030253402652,-0.0009611321092409361,-0.0002612456941981458,0.001960412096770241,-0.001034251882946232,-0.0004873398184366502,0.0001548040187746087,0.001533547662443857,0.0005445090340673389,0.000685900774107273,-0.0008662147048763663,4.17289482144141e-05,0.0002711506428434007,0.0007046433410027908,-0.0006496206630603639,0.001341206147666973,0.001349534973240741,0.0001907869103235704,-0.0002030801994167303,0.001026960878824534,0.0001719241500631878,-0.0005929214734062087,0.0009711697204433234,-0.001575520505219898,0.000945029215660819,-0.0001753674065588412,-0.0003642657338568647,0.001882556697019163,0.001456908634117935,-0.0002610989894505177,-0.0008917221876993867,-0.002058738412268187,-0.0007775175164704554,-0.001570609346348704,0.0006906785517344327,-0.0002246647423716796,0.0001609357744958675,-0.000155057617108034,0.0003050364197833221,0.0007554600569619935,-0.0007397009600615866,-0.0004267170658118295,-0.0009202885460645798,0.0005094490357407912,0.000239438735099243,0.001283534111947283,-0.0002768517571149878,-0.0003355245012025358,0.0006815762671572028,-0.0001957020933714059,-0.001122528501559942,0.0003012287522107891,-0.002033118042053763,0.0003484808428366895
0.001387537441719018,0.001534880174029157,-0.001937151095200189,-0.000919265873429803,0.0007241537929355235,-0.0003780134813015874,-0.0002592403247041343,0.002889886303261376,0.00294053552050382,0.001818561368723288,0.001539788820691582,-0.001420378222220278,-0.001605594897042136,0.00113621996347971,-0.001219046109441264,0.0002867135700190319,-5.704460470284278e-05,0.002583647038944821,0.001947331099460775,0.002005716964257526,-0.001948162923027176,-0.001276823836867417,-0.0007370049062761209,0.0003722131757364229,-0.001388492755326934,0.001113721050792108,0.003482924713452992,0.001040612797615573,-0.0007920974427659147,0.001022458284995491,0.0002268937298616285,0.00149797138560585,-0.000292973125780249,-0.00196750600493256,-0.0001272464119673944,0.001170722096234302,0.001872210954137229,0.003684084647303314,0.00248858184024772,-5.489301232496303e-05,-0.001277270322812813,-0.004462311241036633,-0.003573547465637749,-0.0007040843026522855,0.002313149066223308,0.0002424364996192046,-0.0008411353962091342,-0.0003539668365580623,0.0003846779378918695,-0.0008705578298178871,-0.002752966909947385,0.0001603425199205537,0.0001168597708204202,0.0007424109610877549,-0.001072801484264464,0.001408535840652962,0.0006103243326149617,-0.0001998508593011067,-0.001633782951097361,-0.0007673542218270498,-0.001819743281609403,0.0004593589195080527,-0.002536169355102032,0.001669598792048216
-0.004773481460039411,0.003190312496963568,-0.001255929670059359,-0.005145881263580303,0.0008926814560460536,-0.003035694005320035,0.01067672292427978,0.004639044053042899,-0.003344845930636937,-0.0008162866930599963,0.004194136466685403,0.002883947093015995,0.0004748660573839733,-0.0001556887837348241,-0.00183647593149749,-0.006232252533449585,-0.0009338831069349489,0.002650797967393725,-0.001818288492971323,0.0008657216841315757,-0.00186355318937128,-0.002835749042278797,0.002868568051938878,0.001677981441796768,-0.0002401515953111651,0.001703284657968099,0.002478375453670563,-0.002288392306800945,0.0002757460454105912,0.001403855663777879,0.004124703017764136,-0.003174908531343723,0.00375515955605789,-0.0007434318118581347,0.00162085250582812,-0.0005270979561766355,-0.001522926189455269,0.003202455359210908,0.003284078604884112,0.000628125926214355,-0.008209069191833909,-0.00338005128145699,3.386575496901287e-05,-0.006090730301664635,0.001672994506984018,-0.001973635296718317,0.002214168689872918,0.002037958341096435,0.0001397441090580219,0.002473473724051709,0.001760875955658797,-0.0005501669562793376,-0.002973811446260765,-0.005705213529653236,0.001378830618910361,0.002137382316896964,-0.00188537900228339,-0.001689620074171529,0.004175225924683115,0.001401015277478198,-0.00321360624294598,-0.004693863329139317,-0.005923690352697469,-0.0001959425148342743
0.001266480159186129,-0.0006038448366692887,-0.001927093107713309,-0.0002541494520065774,0.001100771648927673,0.001621497227972565,0.0004449623382485251,-0.001247104255600363,-5.277308393754189e-06,-0.001059936999824143,-0.001684350100512046,0.001730888240201926,0.0002016573341786068,-0.0006153119225334681,-0.0006921659704845677,-0.001041160550315299,0.0004049903019876409,-0.001134755442170591,-0.001318226934206209,6.809692173581187e-05,-5.344018547120204e-06,-5.145475057109802e-05,-0.001293666357189506,-0.001102777413050377,0.0005489313035983983,0.001150861327122977,-0.001718698605087731,-0.0005039341748272201,-0.0002317193728327665,-0.0005173907686846084,-0.001212087512465174,-0.002106668971879806,-0.000164996817455825,0.000987952538108594,-0.0006359074296506133,-0.001500365585375545,0.0002990295490740429,9.645075512749634e-05,0.0001895543094503742,-0.000584121844824768,0.000785456168514658,0.0006959798581409218,0.000393610132709071,-0.001808717660816882,-0.001412591976154298,0.001564058970940676,0.0007845008227929173,-0.001245309785949247,0.001036158141699972,0.001108385409809895,0.0002863879262333976,-0.001003437072807649,-0.0006395116321546927,0.0003794892595279901,-0.0002917013226912073,-0.0002880254202334761,-0.000242412941932385,0.0006122994741615245,0.0005680602143297295,0.0002656302675357795,-0.0006217415410784667,0.0003927203633214587,0.0002318463152641832,-0.0008453837657387633
0.0007809770437994573,-0.0007426826437249624,0.002599609152157762,0.003946312468910019,-0.0006143483602725064,0.0007828334088604369,-0.003905133855282875,-0.003234007590766469,-0.0005079058787789745,-0.001036051503105488,-0.001464560889067721,-0.0006759229513469363,0.001681620880018619,0.001523407914931774,0.002059805335459078,0.001794522904517879,0.001190468282427544,-0.001412211986242218,-0.0006609189951667628,-0.001202266152909866,0.003822180067579341,0.00270127216603062,0.0007352595274458283,-0.0002781576204019112,0.0007302909069897734,-0.002214218229182224,-0.003097930120303159,0.001630045963966309,0.001617644386943015,-0.0008555095386558261,-0.0009604092668671092,0.002022877266564267,-0.001824965924293334,0.001162513761578796,-0.001146904319193488,0.001223977475115977,-2.794286142650132e-05,-0.00264482103995244,-0.002948405611968981,0.0008511869870581499,0.001950143419829818,0.002735839924061849,0.00131079757698861,0.003259470135099618,-0.0008300586719567639,0.0006212825843693422,0.0004013131808306605,0.001570274330587862,-0.001451172911624327,-0.0003336033677725492,0.0009047641256316026,0.0006998566167634011,0.002463641701195524,0.001709827245686297,0.000685647038779115,-0.0001223939838781304,0.0008487062397571125,0.0003059226166144664,-0.001368196003240223,-0.0005218616443586555,0.003005914431182227,0.001181566833894971,0.004183758459054793,-0.0006757366094650504
-0.0003729148615046447,0.00200279785646862,-0.001799142334917262,-0.002772716355236335,0.001398015892066218,5.813689548178518e-05,0.00452015312774277,0.002966676563658129,-1.589681087366191e-06,0.0002881204631060508,0.001865426881883524,0.001331976680647923,0.0001237627746281215,0.0008235957256101462,-0.001774074886645489,-0.002696256307346843,-9.710556835558251e-05,0.001505543297223133,-0.0005964904807570851,0.001351014104620073,-0.001519668225743335,-0.001700570295837893,-0.0001240790737285011,0.0007220411479683852,-0.0007565854311306025,0.00156495340814661,0.001374703386620989,-0.0008615990971469269,-0.0003222758924529343,0.001276143969049328,0.001839555980333791,-0.001194603062092664,0.001494361949808376,-0.001044131415610165,0.0001793812471341039,-0.0004636349673302565,0.0001996715161529189,0.002885435597146344,0.002322670515646553,-0.0002856407365649966,-0.003616841346313512,-0.002895431091285455,-0.0008332120558292145,-0.003843959903426542,0.0008754740476599175,-0.0001000816216228239,0.0005124448272058559,-0.0003867603394887222,0.0005588508274651672,0.001690797622859878,-0.0006218440955415283,-0.0009572043818165502,-0.001920144675196001,-0.00190229121081261,-0.0002767974824815843,0.001129937621509179,-0.001003899829905034,-0.001017422756659517,0.001198869665067221,0.0003738655108656942,-0.00225283748263856,-0.001073592944939111,-0.003753475228484331,7.072243276996752e-05
0.00189272126282457,-7.109887200358455e-05,-0.0005536681660946774,0.0007590697752676151,-0.0006369202402685665,-0.0006738449130317678,-0.002732503713022135,0.00063649307355159,0.002319567220868086,-0.0002192184794157277,-0.0003115408363039698,-0.002032768316111035,-0.0009591528806874181,0.002044960044028229,0.0002815077013212095,0.002116971647960173,0.0009933443827845759,4.966770611393101e-05,0.0001462250803117077,-0.001963582208355218,0.0002202158616967549,0.001713467725338019,0.002096087979089036,0.0007434109600142363,0.0003795617450735033,-0.0002463182393072978,0.0001650471470913333,0.0001376100097851693,-0.0008758035139692038,0.0003164230249001546,0.0009635229333811322,0.001849766662604783,-0.000650182693237548,-0.0009730289869779724,-0.001079322787940062,0.001294761689708143,-0.0004067289676731701,-0.0002968632403599524,0.001521577454505078,0.001313393302970216,0.0005503799981655678,-0.001386711021187442,-0.0008764516253195582,0.0007448444062107772,0.0003153841516201798,0.000353453153520492,0.0009816022107246379,8.905782949267162e-05,7.600732180626991e-05,-0.0008302672627673161,-0.001553952937015816,0.000397736586411093,0.0009542628519923799,0.002601884065482282,0.001361728007583296,0.0006646477402165239,0.001530844465650617,8.433026947297978e-05,-0.001401222234371015,-0.001291297340336555,0.00032921717924435,0.001927718921565418,0.0006520505698843754,-0.0006737982069796655
-0.002707790337769737,0.002238408280596653,-0.001111834345247877,-0.005065269934302377,0.0009058426768849597,-0.001224881885181554,0.008747941298800611,0.005851211161358641,-0.001153865389392845,0.001769244234557771,0.004338467940823212,0.0009904102570284761,0.0004235000657684834,0.001642867689396408,-0.001580480872835372,-0.003657671414292231,0.0002788747380093878,0.00422932967175732,0.0003279344220851126,0.001896153467770524,-0.001780727689264792,-0.002676010643092256,0.00241918519083611,0.002315237942405681,-0.00116427763589933,0.002249833348214107,0.003611278364333309,-0.0008524876298507301,0.0001029235791560783,0.001915274354828075,0.003605301662267284,-0.0009733205497346498,0.003412322660169352,-0.001069995976235019,0.003140319179999704,0.0007807518831209124,-0.0004573771703477601,0.003738242689069849,0.003410258435430691,0.000431858482700487,-0.005400501079585586,-0.002370622350953093,-9.560055800305397e-05,-0.003839634498113083,0.002561889883936432,-0.001173794551365083,0.001190822622230534,0.0006802694389159617,-0.0002191940981650192,0.002325912527385332,0.001261006722576245,0.0002156237465489876,-0.001960682348991499,-0.002788320209397414,0.001413216958234054,0.001508074752450614,-0.00118052732175593,-0.001112027957295694,0.003384221932309153,0.001025946874012206,-0.002341312040107882,-0.002874104963526364,-0.005356365595723432,0.0005825481817022383
0.001587646749622957,0.0009599851525304154,-0.001679764265481754,-0.001205440005528136,0.0009227133759616199,0.0008241805634180966,0.000615760531591359,0.00012179680221608,0.0003751589084863793,-2.683198268355701e-05,-0.0004964265125272077,0.0008218761603314713,-7.218294881447875e-05,-0.0004225924435420126,-0.00131685778738972,-0.001312865472585921,-0.0005452470688582377,-0.0004706186193351342,-0.0007100142184920135,2.879186896296826e-05,-0.0006505154951698565,-0.0001568637299694818,-0.001197606294472768,-0.0007031677255504694,-0.0001397837586347356,0.0009826702685627525,-0.0006993375000566729,-0.0006634653339612003,-0.0003399938745100152,0.0008296907089512327,-8.522093562894016e-05,-0.001442444437928847,0.0003228253863682225,0.0002582221919660304,0.0002848151352924048,-0.001303061036149978,-3.309991816435557e-05,0.0009673858554161012,0.0007154804392910001,-0.0005534621689445839,-0.0002069721915652148,-0.000139313748355249,0.0002758297702226396,-0.00211118950466118,-0.0007076513464133966,0.0008257157513164301,-0.0002775868924273072,-0.0009206336148965269,0.0006789189792093398,0.001272357798054096,-1.484785349801547e-05,-0.001011198718661296,-0.0008583652981958373,-0.0001364346770698418,-0.000552933340955598,0.0005541623067938936,-0.0004644272667765324,0.0001421169153170204,0.0003800812831751925,-0.0002398744966822606,-0.0005408638301610669,0.000288306439533686,-0.001037740948878632,-0.0002600556702471895
0.0003899224805758897,0.0005454460002116704,-0.001179019199184856,-0.0006931467534516726,0.0006959829381014354,0.0004681816956407496,0.002053795660970588,0.0002950611853739164,-0.0008128361049654692,-0.0005531964718048575,-0.0001276576707230717,0.000554023302967109,0.00190737392879292,0.002514184498870048,-0.0001288545441255269,-0.001866890929218301,0.000570918115680414,0.0005623726995075727,-0.0009529902929820321,0.001398806790399918,0.002628274588782106,0.001272596195043588,0.0007291362142078302,-0.0008588153459223695,-0.0002590235795050203,0.0006030422671729253,-0.001044708502481065,0.0007748702801382171,0.001157482457114999,0.0004454983458392137,-2.588446655636663e-05,-0.001050318910152568,0.0004132496123847382,-0.0002680147477455217,0.0004847257772452596,0.0009472438456117675,0.000410116499006346,0.000852641159473167,-4.774350010736658e-05,-0.0005554419343652655,-0.001819140008746949,0.0001637474098283263,0.0005472991556407855,-3.224370469620431e-05,0.001006362297340254,0.0007647670608188837,0.0007386414062899265,0.0003925280391745437,-0.0007471028425387767,0.002107154614877069,0.0008280757119537997,-3.557614893594361e-05,0.001107925423451059,-0.0002272532424637786,0.0001475456878564191,0.0008341505043746484,-0.0003197168456008296,3.111944107917481e-05,0.001640873415849118,0.001068830462257739,0.0009863050375788105,0.000552219830654278,-0.0006670361974573731,-0.001008506301492747
0.0006654147633468491,-0.0004018537261913515,-0.0005478193601222002,0.0001811614455949616,0.000118608518836459,0.0007733108551783789,-0.0004554140201776857,-0.001654270036853395,-0.000792159175293565,-0.001044306355404747,-0.0008973714932826438,0.000944853739693139,-0.0001491852930761403,-0.001361840383682412,0.0001469674996982625,-0.0005722791785089176,-0.001212536425690894,-0.00192888088161212,-0.0003272355879879387,-0.0009411263322516992,-0.0007286750341972989,0.0003083240555632899,-0.001048901663385956,-0.0007417066614158544,0.0001271498196086115,-0.0003585151562017808,-0.001063475781022088,-0.0005563921780548174,-0.0007497221055171219,-0.0004247073210608231,-0.00034820956356206,-0.0009214269133308172,-0.0001399524495422281,0.0007119715372072711,-0.0005072448424663883,-0.001984526526603584,-0.001230451600922482,-0.001344087512349502,-0.0005322287531112812,-0.0002303521282854155,0.0005773247277296591,0.000492583614454873,0.001208801910259954,-0.0001359152524816846,-0.001532402083727008,-0.0001409609016196777,-0.0004631481093787356,0.0005824647159125053,0.0005275643041380958,-0.0005930180489450101,0.0002583034416790338,-0.0002811008444631978,-0.0007687961520724776,-0.0005357160375570713,-0.0006010230973067242,0.0002773933515154424,-0.0002932611547861183,-0.000584019510077121,-0.0009691800709346381,-0.0004550128653657056,-0.0002591597486287505,-0.0005612288413801666,0.0006035578336682542,0.0004283532544075317
-0.004185012272764767,0.001699940980792171,-0.001545039800304489,-0.004398320179527996,0.0006200631240934374,-0.002121757401178728,0.006624100689164632,0.004294102076916884,-0.0009541076529560459,0.001430711766075009,0.003257450229397083,0.0001433332735899087,-0.000118767979744271,0.000257534222445868,-0.001421151011098104,-0.003173904401515897,2.080731466443639e-05,0.004037071976299594,0.0008373923592689213,0.002904993913797829,-0.0008417329230149506,-0.002310438678402939,0.001774861147779045,0.0005779510093350779,-0.0009661329302350337,0.001758183147687619,0.003476723036074169,-0.0003230690821959078,0.001096549390685064,0.001400407531532268,0.001520330014821661,-0.002264153927891302,0.002145742171039944,-0.001659439172962542,0.001929115699907636,0.001485688844156586,0.001205368345839534,0.003885540429695771,0.002074810626562417,-0.00131786062788417,-0.004806208117988348,-0.003135077459521609,-0.001658967124742501,-0.002305079100277232,0.002648922126017252,-0.001725896871710904,0.00082480206281487,-0.0003563840212364666,-0.0002392879438508271,0.0009621793306292081,0.0002080816726159753,0.0002115145487703909,-0.001286972438662039,-0.003018824101508993,0.000869210814010409,0.0009820993174469996,-0.001101775911395765,-0.0006579062555087117,0.003276037732828871,0.001338937372723353,-0.001777663745964938,-0.00203568670316868,-0.004054246127676849,0.0003345141927060778
-0.0003908747001924792,8.81139734501476e-05,-0.0006462418404395795,-0.0006689998991886262,-0.000785508701055137,-0.001958301545791866,-0.001335786359422065,0.0003645312861155084,0.0008847277782344198,0.0006863406405333422,0.0002274865463837594,-0.0009713692983229545,-0.001418811380121722,-0.00147667601952659,-0.0004985076788451035,0.001232569581871832,-0.0007244892860358655,0.0005915792005564226,0.001498626109211132,0.001541370141148179,-0.000792930974546295,-0.0009807583638216139,-0.0009882686596166016,-0.0002637766030687439,-0.0003283652787686197,0.0002855161006164279,0.001899777521325356,5.771776357498665e-06,-0.0002013054794008478,-0.0005182183159687417,-0.001759490435555245,-0.0006396374054727724,-0.0001420463077669971,-0.001029268096970763,-8.751898717557266e-05,0.0002848243171137533,0.001144456539210461,0.0009262936685063554,-0.000150784858999681,-0.0004461818080047066,0.0009075664514414849,-0.000965053682956877,-0.002521317094563011,0.000398896592441861,0.0007798481403559345,-0.000374274441044458,-0.001069925623135925,-0.00112397913670779,0.0001703534452373413,-0.0009035963771607512,-0.001079541455030453,-0.0002368725291121706,-0.000127162108199265,0.0009640251053654417,-0.0007661928650290795,-0.0003327860502541967,-0.0002188576620964757,0.0003953027129161645,3.852132154355434e-05,0.0002172968745354323,-0.0003675853849952814,0.001026627860980832,-0.0001985786197879072,0.001140663953997535
0.001309144616743269,-0.0003346661022196004,8.245654382373559e-05,0.0004696712298390993,0.0003438826595022625,0.001796380971406406,-0.000298762048174225,-0.0005610088526571179,0.0007277353375872902,0.0001081599365964724,-0.0005477640934057325,7.131607273168904e-06,9.548058465571582e-05,0.001522814284912666,-0.0001307933913183165,0.0003633152680781993,0.001386912059715952,-0.0001320606893688608,-0.0006010959642887934,-0.001504297442374073,-0.0007525079754414052,0.0001080664637078021,0.0009137868372898161,0.0004148209574656063,0.0001224016489494383,0.0003034141806125465,-0.0003102404454545769,-0.0003978076374503053,-0.001098859645124246,0.0001518670383749318,0.0008255655034183202,0.0007129988588634345,-0.0003356564944311201,0.0005168301789308251,2.053407310766291e-05,-0.0007447122972508867,-0.0007262577911167385,-0.0005491245556154702,0.0007894447792081367,0.0001467614479186563,0.0003168876568482509,0.0002714758479396293,0.0007952615023452304,-0.0008318489717700509,-0.0008120746238415027,0.001002204945496527,0.0004491938595292065,-0.0008607223144133007,0.0003628638047702472,-0.0001988672965652226,-0.0006079377934259572,-0.001150783963672555,-0.00130767877900427,0.000903630684013508,0.0006370501101015128,-0.0008093157631744517,0.0001055789539563821,-0.0002313937015354194,-0.001210156330376127,-0.001774078457581982,-0.0008798186262697583,0.0006109488249738921,-1.839046791782503e-05,-0.001365073391441926
0.002296641996124614,0.0008083887113630389,-0.00125132531021954,0.0001258335547904307,0.0008449410227070187,0.00100986336237556,-0.001360853691241404,-0.0001453174019107931,0.001186677782007258,-0.0002969435658012366,-0.0007701908529038972,0.000834039450776895,-0.0006810813735372945,-0.0006618337112035449,-0.001213875369092274,-4.697486331311336e-05,-1.877332260348972e-05,-0.0006314200621205726,-0.000549310560496906,-0.0007454282476265632,-0.0009713810222793904,-0.0004676441747959093,-0.00137173310893341,-0.0003471318138719516,-0.000215500248701097,0.0002908400390342857,-0.001235478410409114,-0.000620754926753615,-0.0009266992331026261,0.0005169025506431081,0.0003425288560072743,-2.296213126886988e-05,-0.0002462249299075926,0.0002560621514028689,-0.001302363459432607,-0.0008700537624696972,0.0006115378190192068,0.0008828971369513911,0.001097185972008204,0.0003151384031202925,0.001191510355275026,4.270732578673722e-05,-0.0002224653259132752,-0.001577515057789807,-0.0008163092495799883,0.001521388640388339,0.0001188950066021293,-0.0008465553189735824,0.0006735713121059693,0.0006158594618322416,-0.0009152667022535929,-0.001052090944531181,-0.0007249984484508761,0.001062219599950648,-0.000395203272887438,0.0004275992259664895,-0.0001978945237729183,-0.0001495579302233844,-0.001370247354134756,-0.001071123974961922,-0.0006111483022182097,0.001078923041977187,-0.0002967793524946359,0.0001000877128236651
0.002382450806040635,-0.0004770073638788569,0.0006253981280898114,0.001859903280114405,0.0007462299917096347,0.002589477914924861,-0.000777875136492228,-0.0009734420248809891,0.0005863465587011956,-0.0002927601418849167,-0.001026977721292988,1.842816134639373e-05,0.0006675975497280835,0.001862183266824381,8.298964281454446e-05,0.0001461889372752595,0.001231874918288578,-0.001091256404495063,-0.001346114331781191,-0.003166484335203873,0.0005306916299652236,0.001732454106306915,0.001302172566617754,0.0005897929087021837,0.0001565478155930025,-0.0001645331309811909,-0.002112612412219908,0.0001087143859841924,-0.0007916239373646598,0.0004489175498722868,0.001325526619112763,0.001210889422917769,-5.17344322128781e-05,0.001940791448116188,0.0007105941720075558,-0.0004661429931205327,-0.001903763849777577,-0.00169026322265352,0.0007386914846230538,0.001922700234411816,0.001294059737490055,0.002030518938888358,0.002628275257202323,-0.0005001881466282932,-0.001443446489017672,0.002114913789889526,0.001608400138923244,0.0009049463330420794,-0.0003665532203249338,0.0003061189789549508,0.0007740562467250274,0.0001050246592294716,0.0007323615863699755,0.002053721936619944,0.001973504322348811,2.407300711541874e-05,0.0007728347803384235,0.0002020725407710803,-0.000540970274694669,-0.001161836171421529,0.001056500582449306,0.0004659524371575927,0.001392158933125018,-0.001324590931263033
0.001174907701187806,-0.0006362959095662357,0.0009864678873379954,0.002039942084862679,7.242934651185978e-05,0.001205400156012144,-0.001930022615972617,-0.0004641504004711844,0.0007702521665600446,0.0005893170771089735,-0.0002174851071746101,-0.0005318922436449448,0.0004454607680372821,0.001156790136461178,0.0006407908259104139,0.001821039513585079,0.00064650761973829,0.0002795265836125294,0.001183141063692556,0.000846051568695309,0.001124100089369219,0.0005607511265410315,-0.000331143624479853,0.0002137154384610803,-0.000580099276128214,-0.0003816931710332457,0.0003319602310437858,0.001697982710259122,0.0001926766232614757,-0.0003465400141232081,-0.0008793784758386117,0.001973793404808524,-0.001372390866844799,0.0003004104386045617,-0.0001587991347321576,0.001184271783881329,0.001009738252974312,-0.0002515608296364046,-0.000662138251404968,0.0002211185847422206,0.001735678522735462,0.0007070052429919511,-0.0005157602651626737,0.00151065175079445,0.0001785502595388097,0.0008818821984031654,-0.000385556154489071,0.0001011134721056044,-0.000253555169698292,-0.0004555063723844486,-0.0005077986020299803,0.0002789509725214816,0.0009785364430830305,0.001618788156486879,-0.0002495351411313962,-0.0008653407776045053,0.0007749266227588634,0.0003151118324384587,-0.001149241822043863,-0.0001912062869916745,0.0008543566145533387,0.001491557439827054,0.001375698364332466,0.0005841347594055242
0.001377796711173634,-0.001223042945430237,0.001456733305620183,0.002432982898744897,-0.0005442550368171532,0.0006591432968657346,-0.002981729547398058,-0.0005697146292503041,0.001236641100088735,0.0002489828968003595,-0.0003908096398307084,-0.001366565072544855,0.0002105344511814815,0.001725035043386554,0.001538898968323422,0.002917180105212277,0.001485949719726116,0.0002457999633454689,0.0008444765187294402,-0.0011145995145421,0.001096574334026937,0.001174909086958342,0.001279050528349832,0.0009986509924377704,0.0002872278283419786,-0.0009212379447972044,-0.0002629338236448842,0.00139733509198094,-9.222342403438295e-05,-0.0005992179836733112,-9.984412121090476e-05,0.002686214365173752,-0.001303990179110704,0.0003926919688284083,-0.0004097184556259123,0.001450915054627777,0.0001648530218920789,-0.001009774270877025,-0.0002720705248302121,0.001261716320093088,0.002182435104500448,0.001145675856407,1.364361889479143e-05,0.002231048140578023,-4.411204606562014e-05,0.0006735532184972844,0.0006568855065912208,0.0007811338910355224,-0.0004731824673815232,-0.001160267942841961,-0.0003376496819938843,0.0007715430760872591,0.001239890733736102,0.002514862306923049,0.001142281774067381,-0.0002285844211440003,0.001297398251458095,0.0001630472469657731,-0.001883312333790369,-0.0009175416322644219,0.001171085880959487,0.001240298859258923,0.002383408062210077,0.0003078935550025801
0.004957654673878292,-0.001631734615543066,0.0005302706410415678,0.004305838856707266,0.0006842255054031841,0.003707346953965606,-0.006700166721809587,-0.002899507372814686,0.001838003625686952,4.428976443905484e-05,-0.003311697450421423,-0.0008367568828992755,0.001025715729629365,0.001722003136586645,0.001718671226270794,0.003462607361160165,0.000947589631767215,-0.002222570784757806,-0.0002503858383012927,-0.001490508773350692,0.002964188358178593,0.003608155016191611,-0.001311382563329288,-0.000803887672944156,0.0002200902115478044,-0.001020562879950414,-0.003698016399550999,0.001727609528585629,-7.992557178003091e-05,0.0001691208297788788,-0.000959423071776434,0.003286240681321027,-0.003182241771677164,0.001870871068383765,-0.001620819453216363,0.0003432149949104471,0.0006777486849980788,-0.002669165247994309,-0.00235350447553343,-0.000161955169026061,0.004457544975059922,0.002780293042372255,0.00156941498426599,0.003581894933535799,-0.001164212779730508,0.002456063854245286,-0.0009739935836100859,-0.0002801045577794723,-0.0005722381921306544,0.0002505907647712387,-8.517009936390649e-05,0.0009403414464978547,0.003000990615882452,0.004048214716267278,-0.0005907808576099447,-0.0001787053132002714,0.001511032484128193,0.001086056286933392,-0.002589067805460548,-0.001443223309921584,0.002528254363979757,0.002930687016895335,0.004516820578215017,-0.0003964856700641099
5.736066123962002e-05,0.0004833878434283136,-0.000394456155962622,-0.0008177347982373136,-0.0001629905095824837,-0.0003893180212677134,-0.0007238197215870319,-0.0002018618695243045,0.0001636879687534516,0.0005687669426339106,-3.545447359997439e-05,-8.84977254074907e-05,-0.00068907825072175,-0.001782699398408979,-0.000296290060024594,-0.000242691294692669,-0.001492807420135849,-0.0003157673715217831,0.0008740789245916658,0.001566889792756485,-0.0008270064242950344,-0.0008429558053638121,-0.002441712226455098,-0.0008503544804218696,-0.0004778032849778286,7.331922610430232e-05,0.0007353569142223936,-6.427667896661789e-05,0.0001519735937315277,6.574331529990652e-05,-0.001539196385720862,-0.0004978728964304546,-0.0001220035502266648,-0.000613221863010717,6.749534732291376e-05,-0.0003324678571103572,0.0008777082808559752,0.0005445808141803159,-0.0004705982905379467,-0.0009208507235238939,0.0003838990449089781,-0.0007865614423390355,-0.0007703356734781696,0.000560322691166982,0.0001602849401628434,-0.0007201761167628773,-0.001766157870386515,-0.000666419640358812,0.0002979497554663547,-0.0001174220543252243,0.0001884565844472915,0.0004094665505444706,8.649936552205581e-05,-0.0007294378411378204,-0.001505807022878305,0.0001649150464846876,-0.00020203133138238,0.0007329720093135108,0.000376675197668524,0.0006798856527480081,-0.0006340854321088221,-0.0001285851154130329,-2.872982088122008e-05,0.001203849103572943
0.003313726083687023,-0.00237901365241315,0.00265065285644424,0.006017391253808201,-4.570822769479517e-05,0.003175990672381078,-0.006296228823827244,-0.004958862459602418,0.0002047214706541995,-0.0009495421883740287,-0.003239098583375473,-0.0002088755651313102,0.001619595213746562,0.0009446077553944945,0.002752697806954457,0.003263117900866681,0.0010715431298852,-0.003095681144601542,-0.0004235923541692514,-0.002069661894672277,0.00350171997872361,0.003621528906977605,-0.0003832412792916613,-0.0005312041419414902,0.0006853995879724834,-0.002059946431891624,-0.004043474738299339,0.002323905158449821,0.0003840782835438479,-0.001298940268205614,-0.001825862176621776,0.002507021875339869,-0.002816193202945801,0.002603385623833207,-0.001111783138820314,0.0007667118924052641,-0.0001364658177460289,-0.004221881593992617,-0.00311397147672894,0.0008336822428095371,0.00518836237103331,0.004616653603926344,0.002531682653330517,0.004005330298233565,-0.002374288896657025,0.002352782485215991,0.0004416634767734968,0.001196164191083032,-0.001093246037537359,-0.0005852079432881029,0.001077310704643026,0.00127915264588683,0.003129768652639035,0.003432212039276138,0.000802739099745096,-0.001248720035737757,0.0013049553938315,0.0008842012024116725,-0.001785503775808453,-5.588403963614327e-05,0.003619463166487499,0.002218659127075525,0.005984493762349509,-0.0004899220399252581
-0.00173364353753462,-0.0006298039125986199,-0.000822906915590689,-0.001486489380677708,-0.0002313133838811829,-0.001957936512225607,0.002767932376999011,0.001453437468630173,-0.00150712213981386,-0.001385788556140979,6.423888433912331e-05,-0.000657210161468132,0.0007209035673707224,0.0005070138007616283,0.0004444577561547852,-0.0004209505998639969,-0.0002002029382454519,0.0001961711387712981,-0.0008860519264584945,-0.001123536249311977,0.001824023926741787,0.001117779417342768,0.002740541133628774,0.0007395519446120943,0.0003038952059651014,-9.107131453074551e-05,0.0003063172646354907,-0.0007268735550941825,0.0009967162949595417,-6.820086516233979e-06,0.0006243025470999212,-0.001062807612367751,0.0001051680688840416,0.0004881836592111757,0.0008786424408027442,0.0004469756322035259,-0.001175114007798098,-0.0007295123534422727,0.0001011663744159668,0.0009766347577838405,-0.001960030382581632,0.0004979367804557381,0.000633452745258045,-0.0001952030107796795,0.0001010358105089871,-0.0008804643842295148,0.001688570125849984,0.001494172226050462,-0.0008887428570381229,-3.788101089167433e-05,0.001344999368907778,0.0002901484253965499,-0.000336576210148206,-9.774254408114934e-06,0.001893599681208885,0.0009573521863420523,-0.0003926818520716577,-0.0004256587093396464,0.001728976452201222,0.0001034845972513267,-8.220258251061751e-05,-0.0008404734201257791,0.0005755325986128412,-0.0004863959292138231
0.004177050064510132,-0.001435135997499593,0.0008162861523452697,0.004312143803309015,0.001316195019557869,0.004908269368119194,-0.004130070574201557,-0.003456972387220452,0.0007050078386371445,-0.00134455053771946,-0.003293016528131344,0.0006336869517804643,0.001083744460434489,0.002101050131072639,0.001203152488775026,0.001455904225017245,0.001165880358276127,-0.002961017271505067,-0.001958620664861359,-0.003131282739888983,0.002365904327357846,0.003513637014112338,-0.0001243803752313848,-0.0005192730770588487,0.000702954143802032,-0.0008239685186625504,-0.004400214023280841,0.001212712986859074,-0.0003039510140169784,0.0002350963236800214,3.916099690386298e-05,0.002274734933269006,-0.001979629160860818,0.002831207552071442,-0.0009983907231282528,-0.0008765167362142055,-0.001588641807204657,-0.003493791241244957,-0.001382286430422449,0.001131098438761757,0.003815137267193366,0.003360992324588164,0.003348648300129217,0.001209963699949542,-0.002259314861241692,0.002946034565888299,0.0009827167689263963,0.0009205922307477046,0.0002819924224904046,0.001413859655220171,0.0009890381630770866,0.0006150511808259277,0.002402626583378403,0.002882146110046042,0.0007135230753306959,-0.000257452180999028,0.001631219972356995,0.001395160508440294,-0.001644943106920492,-0.001211176585704604,0.002013510455189904,0.001314578830903838,0.003625030208557032,-0.001438792172359872
-0.002046627574042502,-0.0007122492197568491,-1.454105210360069e-05,-0.00155457619270913,-0.001238627846267337,-0.002179876023551978,0.001524094604716823,0.0005596370265152088,-0.001255037464416128,-0.0006715281620679013,0.0001007108420712664,0.0003462550732287147,-0.0008003357299944957,-0.002202007076876572,-0.0003767929257635745,-0.0004243393061439131,-0.001130368872470554,-0.0005819402316379161,7.601332586576168e-05,-0.0007146857067198344,-0.001271347579170495,-0.001183170474137048,0.0007449212811105383,0.0001546939343622881,0.0007840803082677167,0.0003687170075505738,0.001360341883762055,-0.001558949036404339,-0.0006677862109506821,-0.0008294605127256729,7.47605934886866e-05,-0.001063438643182389,0.0011364851384625,0.000284850511585853,0.001166730350615355,-0.0007564788414065436,-0.001588558000490892,-0.001049104456968596,0.0005313462382682232,0.0005308186808517984,-4.175941021192785e-05,0.0006454745607975671,0.0004887080379887641,-1.112242621573371e-05,-0.0003262145438362539,-0.001418689643792864,6.297661391986006e-05,-5.666634475843946e-05,0.001132643403594351,-0.0005769553741128725,0.0008722344228654092,0.0001493568490466773,-0.000693422738467349,-0.001130410895568542,0.0002236818854898727,-0.0008924812696961978,0.0004620601736031103,0.0005612823684175198,0.0009106922172834234,0.000730363667408964,-0.0004337820061319599,-0.001198794519035413,-0.0006667164956248228,-0.0001592122050647705
-0.005463749133619343,0.002212115352720299,-0.002755881143567574,-0.005314808324939733,0.0008897733384890488,-0.003568917797894854,0.009411567060775321,0.005551142665893277,-0.001744618521051506,0.0004440122208872773,0.004087611810798628,0.002083203907411967,-0.0005672403906068299,-0.001382431475190385,-0.001890191062811024,-0.004732017700987961,-0.001476060166552806,0.003882965391749565,0.001082209536812893,0.005545258813041088,-0.002021889687351717,-0.004385607696924496,0.0005236736142513989,0.0002054051074995953,-0.001122943125294726,0.002830451537063984,0.005548879377108966,-0.0004412407851289542,0.0008231002829789417,0.0006740867552816719,0.001708309083769702,-0.003377634624712661,0.0029811729285809,-0.001954083594729161,0.0009138946177670141,0.001646973826377265,0.002477320766596819,0.005502429607746127,0.002992765800806614,-0.00140916278162604,-0.006625814181347448,-0.005907005158628896,-0.003594233366339193,-0.004200658725405393,0.003173572118861398,-0.001995855950750908,0.0006369776649826124,-0.0006149717021633734,0.0009069741763821971,0.0004215748595955552,-0.0006628395860632245,-7.867859092531357e-06,-0.002152991264021789,-0.005098167960346342,-0.000404553476423801,0.0009944249076333815,-0.001025837010802203,-0.001399238491272628,0.003468218257614959,0.003021684044668764,-0.003777055914867598,-0.003331263963991909,-0.005984650275122401,0.001869372923641853
0.0002515311984310848,0.0003737296516347868,0.0005819141663188112,0.0006448763828741461,0.0001494244182487342,0.0002603969527393549,0.000547242864044689,0.0005189725752851781,-7.188916920970461e-05,-0.0001739494592304476,0.0004460719487982471,0.000287638300323837,0.000430278879190927,0.0009427051898915635,0.000604258159533112,0.0003808724772552808,0.0009204977211439238,0.0004519386836184889,-0.0006160418853307309,-0.0002696856470995581,0.00120713290657433,0.0007658569962476418,0.001111507257726763,0.0007022649086992085,0.0001505345227391351,-0.0004856291111536116,-0.001194772554547499,0.00107754232398215,0.0008311208668079255,0.000472503921480452,0.001116237458759294,0.0004032735029304628,-1.640262891958683e-05,0.000257264354374401,-0.0005633122711132843,0.0009897950251122564,0.0006589166537521121,0.000360551260688805,0.000125515196213533,0.0007438586239394632,0.0001225289819636295,0.0008821248793043525,0.0001536414148879969,-0.0006378876625446392,2.62484393966699e-05,0.0008487098622296112,0.001360527534037641,0.001127986534049309,-0.0007891993445449729,0.0009431388180663652,0.000216797101536557,0.0002927119874294291,0.000807304194491439,0.0005979098951883797,0.0008871776490992031,0.000520143506203705,-0.0002666608447502597,-0.0002276809307521906,0.0004747861711380675,0.0002026925664469027,0.001165035059805099,0.0002342812640978652,0.0002874852889636197,0.0001912606040234221
0.0001816529533797265,0.0004589705311254411,0.0005455628512851528,-0.0005499460992780741,-0.0001317915740224902,0.0004417460880029278,0.0002953761931634398,-0.001212431008138227,-0.0009220032501964759,-8.24330275697457e-05,9.445144663512432e-05,0.0002965634149768646,0.0005036987462119824,-0.0007574731490533514,0.0001838845185332327,-0.001542680055911783,-0.001213128618791558,-0.0007902251795142231,5.504822269568285e-05,0.0006762343331952357,-0.000397353056641338,-0.0002001144428390567,-0.001995849948966304,-0.0005457597297506756,0.0001045315467588576,-0.0002175561570108075,-0.0005549140866795526,0.0001949063557112145,0.0005320881756917762,-0.0004586770797593485,-0.00129156096713946,-0.0003355877440569682,0.0007170738862966363,-0.0004981894119989637,0.0005481475140839088,-0.0006185917165999496,-0.0004446408936635854,-0.0003055067477556557,-0.0007338057994915896,-9.902155907125497e-05,-0.0002981663312120666,0.000137171388626837,0.001211677564416105,0.0007781705776256336,-0.0005782658974788956,-0.001164843628246132,-0.001284434923218156,0.001146604172105871,3.044716973796025e-05,0.000377966679789262,0.001818779957488179,0.0006180592762149473,-8.874456661518542e-05,-0.001816500560289117,-0.001121875881479641,0.0007075683011793375,-0.0002815533426738543,0.0005554447348650333,0.0006324872516739237,0.001070754707090097,-0.000163330154182377,-0.001026932516676331,9.837380951406241e-05,0.0009062858546710055
0.001644567412098104,-0.0007081586456084439,4.776020008620743e-05,0.001195243877276159,0.0005382248924945167,0.001631312165553912,-0.000886928649168754,-0.0005177457056277791,0.0004173922466395161,-0.0001760271910957208,-0.00110115192200132,5.21805667187578e-05,0.0005271278433642665,0.0003752007069355097,0.000205375759484405,0.0003328926726227305,0.0004007489071988118,-0.0008936539470891845,-0.000296468814722636,-0.0005338579545199881,0.0007099790170788522,0.0008613788812536488,-0.0007243253543289473,0.0001184520867089514,7.909011642861592e-05,4.835113287859296e-06,-0.001054101253473266,0.000670568348922395,4.386426114064385e-05,-0.0001515631806592357,-0.0003190495406889688,0.0009892868523573752,-0.0004706633097924186,0.0009671832016703159,0.0002656964107046356,-0.0001436710197596342,-0.0004319169302868257,-0.001019070330429501,-0.0005280931951542011,0.0008727786330088148,0.00154005710961704,0.001359867951430256,0.001377941719200998,0.001046715445621162,-0.0004274717432183965,0.001012477403006107,8.832621106740503e-05,0.000719024640541223,-7.169652847133189e-05,0.0003485822974159874,0.0004095925467441158,0.0006332764350514388,0.001205732012994115,0.001228437977857295,-1.040130994321412e-06,0.0001888621765398897,0.0003935239827187544,0.0002149713167874108,-0.0006551995250476281,0.0002197491106443681,0.001195303794061807,0.0001847131502188263,0.001055571561448437,0.0001162323770474279
-0.0005876000261469145,-0.001338364077195215,-0.0006377768080698379,-0.0009947825332499928,-0.0001905908822011475,0.0001040575508095922,0.0001221749189064947,-0.001993037101717213,-0.001405278078913095,-0.001739098554206074,-0.001295294533186919,0.0003572859307285055,0.000193910707456235,-0.001174852281143719,0.0002103025182063582,-0.0005157668794133774,-0.001081909635148669,-0.001923786059197335,-0.0009296614950160252,-0.001754944012810704,-0.0005421818863697606,0.0004588019085076092,0.0001171438956908162,0.0001014193464578728,0.0009352367576180318,0.0001017865953734159,-0.0008753118889379987,-0.001562636429778589,-0.0003852983335210562,-0.001022980349103225,-0.001035153363031797,-0.001700432258328954,3.562587134219866e-05,0.0006412029301654526,0.0002823495494631516,-0.002462975926441201,-0.002403777627924687,-0.002249108200937103,-0.001035363155630933,-0.0001651772019738872,0.0004794982159687544,0.0009890182935343144,0.001664399860717358,-0.0005132892134814582,-0.002140576020261205,-0.001440421535095179,-8.321374934256451e-05,0.0004333438288044801,0.0009857500142087926,-0.0003613529809790722,0.001392085505158051,-0.0006986056433340859,-0.00196576558989563,-0.0008618351005006482,0.0002371005996411886,0.0001107563238181746,-0.0005038856183245768,-0.0001132593596664141,0.0005111797287696788,-4.939535021948669e-05,-0.001042275936542343,-0.0009123874587840521,0.001208603987114087,-0.0005363362459989667
0.00241428199707556,-0.0003269433692520993,5.456483696631484e-05,0.001523877768451104,0.001408198056677529,0.003715367986569944,-0.001838900865039563,-0.003010927724492195,-0.0005871740449949557,0.000115946947601018,-0.002437666561565438,0.0006257870676142158,0.002421975715240328,0.00204517092563016,-9.337719388655119e-05,-0.0002543736868272339,0.0007823256948734351,-0.001145953357314274,-0.001648522295137724,0.0001973140412613253,0.003171022978294657,0.002228642330549959,-0.001236404406904776,-0.001324313777524794,-0.0002152973229431287,0.0003605990682852184,-0.003624162685672619,0.000637894118540112,0.0009696113922577139,0.0007514808987985522,-0.0009900409294660666,-0.0004313619849099204,-0.001071562231270367,0.001702523965778426,0.0004454124828156915,-0.0007013973627664735,0.0006164649366031712,-0.001226666644235911,-0.002547876633347622,-0.001781451396499441,0.001893893872495112,0.003382407388248857,0.002113097081388566,0.0004350129005505379,-0.001056818598485037,0.002454275393663313,-0.0007017696411192061,-0.001481372729062751,-0.0009653272469935061,0.002722011006487651,0.001113926529606122,-0.001095226928418498,0.0009067452537307338,0.001361114777517013,-0.0007364807469185758,-0.001205674871498626,-0.001157891363732853,0.0006753175876241321,0.0009817174768223373,-5.414304791247076e-05,0.00193946003397022,0.002173710744829059,0.001592881324485992,-0.002382210930386945
-0.003702151866370758,0.003694046114341916,-0.001199012561544313,-0.004253554846719016,0.000864284701997522,-0.001976249791846932,0.007382700776470985,0.004849885000524916,-0.0005664331532090714,0.001423995937989291,0.003953930174613347,0.001122948160355517,0.0002443388101380665,0.001192549343159745,-0.002360603771622998,-0.004860728975574517,0.0004215148112540998,0.004704997505148346,2.182721356982244e-05,0.004952535023586733,-0.0004379504179956728,-0.00318625023629856,0.0004055354584557599,-0.0003218101663195828,-0.001043028066482707,0.001941831526831409,0.00313590853506968,0.0003496940564642701,0.001856181976634115,0.002062156114482502,0.002057418027851864,-0.00174948709896992,0.002403795764627529,-0.00295494786167353,0.0009751439320028316,0.002799601525214363,0.002901490288435272,0.006149324541766077,0.002795204090830129,-0.001630617728738054,-0.006583608236585598,-0.005139989310618577,-0.002651518433976717,-0.003493589957414436,0.003798023596674101,-0.001201132173622104,0.0003253122506544895,-0.0008259465713991342,0.0001458423417739465,0.002632352782100987,-0.0005149116126133683,-0.0003812014314756833,-0.0005017999494069609,-0.00465212038352739,-0.0008236730576591496,0.001044998761615929,-0.0007005834373588226,-0.0001959768508431476,0.003306185826736831,0.002218498825777715,-0.001966449935844542,-0.001777733616264531,-0.006007168445299572,0.0001419639789491981
0.001046740230162884,-0.002340327438355203,0.003484127207042755,0.005120430548049957,-0.001749300885565506,0.0004315883348790254,-0.006583667837358019,-0.004811747114892156,-0.0005586103916552833,-0.0006269162604965829,-0.002291145965145002,-0.0002259301935913421,0.0009895480359974431,-0.0003803514196615894,0.00302956147962323,0.003575065735962925,0.0007241418338363809,-0.00226211024064039,6.045535976817854e-05,-0.002186733549160654,0.003018382928127296,0.002750070203476004,0.0005766485432348434,-0.0008356109139884432,0.001715907802302798,-0.002512927194091272,-0.003876190065226141,0.00151896727378376,0.000512796447925108,-0.001550267725531382,-0.001039843462184341,0.0022644759880016,-0.001517551583638225,0.002171681586200408,-0.001195928214197872,0.001025981331794377,-7.656425394595422e-05,-0.004143371016770224,-0.003263046800629654,0.0005261845773558356,0.005201887872266598,0.005329877537895929,0.001810187827570423,0.005005374617136621,-0.001662163733240665,0.0006960930669544724,0.0001811100774566179,0.0005653635205615685,-0.0009809433748061052,-0.0008669457944624078,0.001240483408464445,0.001456237583525781,0.003514315480215241,0.002180944884154693,0.0005593612937468093,-0.001685651716220572,0.001663895246699477,0.001167222112112716,-0.001867323243771939,-9.754280653843907e-05,0.004325790511638858,0.001343240722571708,0.005354076160509711,-0.0006940382987666041
-8.084951359377176e-05,0.000955351640323633,0.001048515690965961,0.00202995100436714,0.0004983833091212844,0.0002569471809182547,-0.0001457370485853232,-0.0002495426724391777,-0.0006381058176438641,-0.0001592687767534355,9.556602316367029e-06,0.001316475587838284,0.001687929382320335,0.001069993388105666,0.0007701789767011785,-0.0005304222038867117,0.001204718955660255,0.0008248715632959287,-0.0009568383879780996,0.001850671599378703,0.003668512492937342,0.001117074528469259,0.0002792999942380868,-0.0006148829422329488,5.852967231415626e-06,-0.0008953564269047957,-0.002613589343325457,0.001865003390758236,0.002045074024418096,0.0008443545472325822,0.001311207465461151,0.00106526005676498,-0.0005854105809334677,0.000271111418483254,-0.001763983257477735,0.003169266780886711,0.003085811487154155,0.001133337249747893,-0.0009088738530569188,-0.0003814767841251535,-0.0005457952988414513,0.0009125526793925396,5.561630199660034e-05,0.0009156494242898419,0.001057912797991725,0.001595646262486956,0.001191656889990452,0.0004234479918209044,-0.001683304855140483,0.002125958564301592,0.0002225994907905316,0.0008436928926975384,0.002900277404079249,-0.0003246956345903413,-7.620681631460976e-05,2.189218789823258e-05,-0.0001460518000222449,-0.000177690217641889,0.000685484990015887,0.001633510748302088,0.002531506295746268,0.0006549735812643767,0.0004339645980497148,-0.0004453276908830646
-0.002263042179675565,0.0006929609319780059,-0.001241319194657469,-0.003429916146775409,0.0006204114456562691,-0.0005571053603217777,0.004607915945750642,0.001865847205690089,-0.001042279047510701,0.0006342863656566303,0.00183478628669848,0.0004751881132092018,0.0004171162039731304,0.001097286100954659,-0.001076819878598231,-0.002648219480077743,-0.0002658814131178126,0.00193905465604173,-6.810531975836964e-06,0.001076027909449779,-0.001440249582342492,-0.001445454413864146,0.001428074998723777,0.000596196313899533,-0.0003709853213306549,0.002064608118983941,0.002575893660888501,-0.00156801299931519,-0.0004953005322790093,0.0003705498877999183,0.0005681777147103142,-0.002241905716391603,0.002085277384286985,-0.001043635349556918,0.002074593474868603,-0.0005772039212503015,-0.001232783696820581,0.001439250302220032,0.001510918495131294,-0.00106436917952978,-0.003428449090042262,-0.002272763830567719,-0.0003213421485481426,-0.00240442830380311,0.001062458812140433,-0.001389881751868357,0.0004011690008686684,-0.0007889386795623194,0.0007967079231874814,0.0009384712545145034,0.0008271221740864057,-0.0005183836086885727,-0.002276162740685548,-0.002223364467976547,0.0007797683940226828,3.644772705170524e-05,-0.0006464187344992782,-0.0002682071139573908,0.002793177556813969,0.0008333386933622982,-0.002762364578587865,-0.001636259612357951,-0.003041766008425623,-0.0007937396562488413
-0.00111102070849377,0.001096711990040548,0.0001986237913303254,-0.001659844733637873,3.975519082993439e-05,-0.0001874220059890758,0.003349080669799108,0.00156373800106743,-0.0007027610777386234,0.0004536734016449171,0.001681679325798681,0.0004055344509846275,-1.493012589306157e-05,0.0007900088954927802,-0.0004261742317372036,-0.001975038074075854,-1.744527896571901e-05,0.001362974867807564,-0.0002261960560969947,0.0003076629437882314,-0.001337071342618898,-0.001152907766282772,0.0007158259380301277,0.0003488670335798859,-0.000724668224573486,0.000324288284724685,0.001287143474501244,-0.000464917384684004,-0.0002673915107396758,0.0007835435954838071,0.001394224242949122,-0.0003325153379518696,0.00101711392430643,-0.0008184378693083471,0.001043657993429618,0.0002411330369414841,-0.0001843273618116798,0.001285646468733251,0.001593632070703572,3.284908409801076e-05,-0.002621392795474409,-0.001361578355727747,9.501031325517791e-05,-0.001590288762920248,0.001118704943569056,-0.0005201222280823621,0.0002199676994834991,0.0003181254101247575,-0.0001526496800951776,0.0007889801000774233,0.0004527447435080698,-0.0001758668734915574,-0.0009657549207890231,-0.00204809288869962,0.0003234542604497907,0.0002211903945122865,-0.0008131118995220652,-0.0003356963569353794,0.001200449709212803,0.0003616358651119612,-0.001367561712230829,-0.001364721475128208,-0.00231438894131851,-0.0001660064944982463
0.0005707933702232427,0.002110040812143967,-0.002512735308298812,-0.003687526867507832,0.0007791838247682842,1.149554649337853e-05,0.004012356990995665,0.0007883464286616329,-5.232402786771461e-05,0.0001655718986963957,0.001205258053386346,0.001862952014051054,-0.0007930891437849999,-0.0005485074149708409,-0.002374796204859243,-0.003339671833611264,-0.0005553729279764921,0.0004632641717173791,-0.0006280243103165992,0.0007575303490769027,-0.003500237667708569,-0.002323910541527638,-0.0009602360414854679,-6.602776143667747e-05,-0.0001180533736742941,0.002244634037886053,0.001257287638500704,-0.00215567312452649,-0.001511260406855047,0.000453077608360067,0.0002459120141784895,-0.003176934474173164,0.00218524399027387,-0.0008800952639120271,0.0004965535912490364,-0.002988648400618678,-0.0009405265919761453,0.002239502340658211,0.002257895826051093,-0.0005378310022830982,-0.002907070643662493,-0.002453949031332159,-0.0006467300923240871,-0.005044146265935974,-0.000730806082369639,-2.710450839530507e-06,-0.000302983590043958,-0.001154882241335771,0.001477573562294555,0.001121550156840878,-0.0002620668586497493,-0.00252741613413864,-0.004175006077274702,-0.001824805612453113,-0.0006944630078490406,0.0006051500232170269,-0.00144193879702699,-0.0007970449810805028,0.0006916770225600947,-0.0009709964249632221,-0.003584903827722218,-0.0008940995626806897,-0.003897568622264624,-0.0001898347594357709
-0.002363723236981287,0.001347829172711045,-0.0001224115078857316,-0.003339532590036855,0.0003695332834968906,-0.0006248179527361525,0.004539916105474879,0.001207103753490244,-0.001892342311706909,8.369555721351863e-06,0.001660994777161069,0.0008921885821700232,-0.0002821587655336932,-0.001730266600845757,-0.0003942281492111585,-0.003237347267499411,-0.001167513096675936,0.0003111960324849137,-0.001038991056712012,-0.0009738654780592007,-0.00286543434432687,-0.00175589557412158,-8.397451380100162e-05,0.001212036015170862,0.0004263678071846326,0.0006590240628444531,0.0007730815462609985,-0.002471540406090608,-0.0002598977047976518,0.0005078912986994192,0.001333924001495485,-0.001765026275526458,0.0018928640248134,-0.0005166002608745984,0.00103130260843932,-0.002183001068950385,-0.002133451439295507,0.0001799233962132704,0.0007976521731972795,-1.043501499191386e-05,-0.003917154226883007,-0.001913943535842045,0.001645848544734427,-0.002388130860283967,-0.0004558320474470746,-0.002550611082995594,-3.813986754413361e-05,0.001487838175612359,0.0003936955729841708,0.0004477669875587062,0.002143392862882182,0.0003817418567360002,-0.002763451901887511,-0.003974367196383124,0.0002298572098694722,0.001610631029154041,-0.00137672677132201,-0.0007578934497521623,0.001870496952073626,0.0002626304747397718,-0.002830766550384919,-0.004031147448577903,-0.00210910785709935,0.0003456333144982939
0.003296562292259977,-0.0004165554077800299,-0.0001478767288062949,0.002428519404119438,0.00161094556541058,0.003172467750479224,-0.00232267244827172,-0.00134242900688008,0.0005197235054627363,-0.001028835539764697,-0.002346055466991542,0.0006728514820453374,0.001026499376305912,0.001257785264022017,5.758896003163681e-05,0.0008513480742752598,0.0008406191704726829,-0.002120186443440855,-0.002433394715150361,-0.003293566435384156,0.002048580286540603,0.002898505057788021,0.0004049233782540084,0.0002751645083172823,0.0002361855475868664,-0.0006498036875467208,-0.004355148065649071,-0.0001636076486404514,-0.000233703098393528,0.001115102998051951,0.001495933359716412,0.001249589523437102,-0.001475011622532917,0.002628941364169559,-0.001270208411502505,-0.001103120962619212,-0.0009842724576154128,-0.002025701631395874,-0.0005864116462643756,0.001061339060274241,0.001843011184591642,0.003012230721555981,0.00251871918620389,-0.0007120529725396804,-0.00190792180424376,0.002708304045784038,0.001241358677140716,0.000590285035505294,-0.0006021854611932719,0.001731349807172328,0.0005570046722030653,-0.0002114042436086524,0.0009182246878418918,0.002498349393522875,0.0008715783293510146,0.0004157848165997944,-0.000100361134125928,2.759812083567427e-05,-0.0007784464146048427,-0.001577693076170727,0.001472482226338714,0.001421930604072733,0.002300787872827623,-0.001551600722396772
0.003086415732366438,-0.001338783984479961,-0.001243653520036638,0.0009459451724037805,0.000604104513524812,0.002124123192488328,-0.002400439784741491,-0.0006945089280097492,0.002010635000430584,0.0004009189892561201,-0.001820598812018996,-0.001275450728488538,0.0004243180340358977,0.00226650598522388,0.0002774524938667175,0.001579232407242693,0.00114841622699632,-0.0002171383598247979,0.0003553165540618701,-7.873816578421089e-05,0.0008204163749709242,0.001359045229027986,-0.0003638144963027164,-0.0003079122755279829,-0.0002263327008164956,0.0009060335792062501,-0.0002325529181394854,0.0008404156428121552,-0.0003643611909631756,-0.0004225616612099424,-0.001694147271697026,0.001040547831432216,-0.001086273016647766,0.0002811403965161208,0.0004029485349969224,5.444203232804617e-06,0.0001624103616871497,-0.000426258069173235,-0.0002505212474271144,4.297471272989622e-06,0.002185088095617964,0.0004596749987780268,7.582683327053198e-05,0.001264475153186297,-6.012845827952859e-05,0.001671542939736669,-0.0002308618869422099,-0.000941298069788718,0.0003092933359418304,-0.0004293256363103025,-0.0006013188271734442,-0.0001993112010069343,0.0006491629289786649,0.003031802441643198,1.697039647215536e-05,-0.0001763442529922274,0.001134036838066972,0.0007921493195765959,-0.001186896544692193,-0.0008604461228719009,0.0002325195712389561,0.001853495083926222,0.00126123398146119,-0.0004584660270447156
0.0004810335162065175,0.002120461797610093,-0.001081381284042047,-0.001810226744676887,0.001339485334455235,0.0007322245125535229,0.002913564421357797,0.001838286885376353,0.0001354143958779149,0.0008254517244700737,0.001347244495081852,0.001103427304806305,-0.0001948796576906843,7.654777154970641e-05,-0.001691747243031384,-0.002851251205919648,-0.0004101016326566889,0.0009637088130154824,-0.000463480790765895,0.0004828504376765074,-0.00194937209655241,-0.001550745186432504,-0.000945621507907818,0.0002484061156641713,-0.0004497713613711138,0.001619954512790792,0.001039097749477502,-0.0007372258122068654,-0.0009229150745059786,0.001198707555327569,0.001485108209580231,-0.0004601817596456776,0.001417394066099599,-0.000244707126789818,0.0007749724839616824,-0.0005634245645950798,-0.0002733535635154564,0.001966795388032668,0.002092724812127465,0.0001612236412639959,-0.002583898992063436,-0.002639839950603266,2.162403888625722e-05,-0.002623244146877658,0.0006547664857785245,0.0001260127062478036,-0.0002419130509300466,2.778764282917636e-05,0.0006129259364745465,0.001104178577109296,0.0002094440658535175,-0.0001436098844972209,-0.000797445265550335,-0.001566802759446895,-0.0002594076480011232,0.001316424425887351,-0.0001287450393101844,8.104995256515203e-05,0.0008536870520414356,6.857784577074892e-05,-0.001865384643575087,-0.00142378549068261,-0.002532329160225434,0.000247436799739262
-0.0005459511206567217,-5.0461770731351e-06,0.0006446082931686677,0.0001899420168225059,-0.0007277093376691025,-0.001039628540373676,-0.001572566701690936,-0.0002444101826782454,0.0002571916912119341,0.000687853085913913,0.0004264522313282184,-0.001218333717738889,-0.0006135270790944862,-0.0007853881088182227,0.0004015801548013182,0.0009140991291388756,-0.0002196043078880008,0.000664026796983301,0.001265310811098564,0.0003658864392638049,-0.0001378306403253539,-0.0002207991376640153,-0.0005188365058067031,-2.617072933895825e-05,-5.638638482651905e-05,-0.0004415071460009516,0.0007648807724369025,0.0004597840575445517,0.0002243774582317926,-0.0003733233944364771,-0.001177235944131545,0.0003434717881568678,-0.0004527022673958322,-0.001029553847480318,0.0001128252131962491,0.001176288426086898,0.000675149614893157,5.406163849370367e-05,-0.0002844922789030689,-9.531132587932152e-05,0.0006990327806858181,-0.0007316493576926492,-0.0008469917324778402,0.001495470069774839,0.0005349489251574468,-0.001038136041504151,-0.000479772075462751,6.912227400932342e-05,-0.000176071451183526,-0.0008681341619409376,-1.006215164811113e-05,0.0008003656848461275,0.0008400835652325267,0.0001474913994212839,0.0001154959107291436,8.656538849176813e-05,0.0003886094463400859,0.000558329819850929,0.0001540300918177933,0.0007327317326422523,0.0005876773028055637,0.0001972402056160867,0.000936349066780819,0.0007703656481833568
-0.001019257280613365,-0.0002752358131056759,-0.0003320177006681546,-0.000738367235852217,-0.000496817817525347,-0.001055266254342335,0.001156090843202392,-0.0005614340337070749,-0.0008093650527405019,-0.0007499333798985979,0.0001416385117607715,-0.0001353358037055556,-3.843854341262368e-05,0.0001244238408965238,0.0004938446508824737,-0.001027528446094567,-0.0003580397347463409,-0.0001771962191793689,-0.0002218196834855012,-0.0001034811281774807,-0.0002566405077506024,6.647420843000733e-05,0.0006263238500338998,-0.0003571975258070681,0.0002335940924510333,6.261836638048134e-05,0.0008062203655695992,-0.0005519950374034605,-0.0001977313175604437,-0.0008224900442614463,-0.0005920038026806529,-0.0009819519356270669,0.0001700792244296556,-0.0006090422479907119,2.157438855974439e-05,-0.0005783513085397913,-0.001097844345879163,-0.0006632122975481611,-0.0001625243640547754,-0.0001204997325591509,-0.001811505057860999,-0.001399981639995149,-0.0002649725576834524,6.929585152040637e-05,0.0002141035367096094,-0.001238721592988217,-0.0001015126229477382,0.0006030596027295862,-1.532872017988295e-05,-0.0007747867219113814,0.0003716177791145872,-0.0001480818948100387,-0.0007839534426890336,-0.0009975502001930996,0.0001299205439085013,0.0004688851344325635,-8.441917277780372e-05,-0.0001236561632184892,0.0004084038444030027,-0.0001366073135183895,-0.001185486476340265,-0.001037039996776026,-0.0001578622928968474,-0.0001208654479322482
-0.002125428004302805,-0.001489198637068425,0.001049232233150944,0.000856741139715068,-0.0007327783854458987,-0.001419307126376755,0.0003566598211002758,-0.0003280035091723083,-0.0006919772604476724,-0.000282611124588461,-0.000190581699004559,7.978170799993375e-06,-0.0001493335619576438,-0.0006560497925548332,0.0004226947066543006,0.0004123190002723834,0.0008241159259167483,6.061838422613094e-05,-0.0003028993306371479,-0.001568336802928945,7.788656571459783e-05,7.76120592201053e-06,0.002227781913325644,0.0004113122655200676,0.000930959365687989,-4.433840024545312e-05,5.936401142567414e-05,-0.0007537248630174653,-0.0005541623948229133,-0.0009780949301610112,0.0007595909846060453,-8.173926952611361e-05,0.0005561935944488074,0.001302881963283053,0.0002686072993671787,-8.488497839838341e-06,-0.001173763642365258,-0.00153834096637127,-0.0002844933941830389,0.0008027513284943932,0.0001946180455654846,0.00149504443005584,0.0003455486354819494,0.0007744878900329826,9.551181876029679e-05,-0.0002952292448389504,0.00099245386944562,-1.065084326109522e-05,-0.0003439895158854426,-0.00116742131858433,0.0001527776930100274,5.055731269120558e-05,0.00013251902636707,0.0002885103449095028,0.001319423864017829,-0.001076531466436847,0.0002961314835581502,-1.884886111060896e-05,0.000201454599879002,-0.000341984025958884,0.0007789562544250393,-0.0004653711618450486,0.000811291353523548,-0.001051429687858698
3.571587970022191e-05,-0.000550624099682978,0.002443832018735811,0.002040057400331489,-0.001377779379465641,0.0003633551206629928,-0.002724220377999105,-0.002416984779163633,-0.0001778302598390662,0.000380946550780864,-0.0004485161689255105,-0.0005441890638557742,-5.306218690073405e-05,-0.001202207351134467,0.001521019148125558,0.00123292866562411,3.128054291037281e-05,-0.001126793228253609,0.001078649062120323,0.000481073919289626,0.0008915604143809229,0.0004496893988706691,-0.001533263880630512,-0.0007490776289197614,0.000342759632542046,-0.001836843269500755,-0.001060291491603763,0.001769077635767581,0.001022862043276541,-0.0009180305406372727,-0.00157551600114437,0.001268679511537545,-0.0007381826397933076,-3.834330222724473e-05,-0.0002505608845362805,0.000659744154375987,0.0002241974856354813,-0.001886882864045445,-0.002130209066052699,0.0001464584298169435,0.002382679375815982,0.001573716555643578,0.001010360719083011,0.003370847808561299,-0.0007892970012276319,-0.0007685794891371588,-0.001323146644993276,0.000881917911302993,-0.0005287886932402152,-0.001035613013319779,0.0007109732214697476,0.001209199773026048,0.001832530790503699,0.0003086523668788044,-0.0007603614186784039,-0.0005178379735943574,0.0007825998550695737,0.0006789587410006997,-0.001166579522556766,0.0002824538935769909,0.00230050683579981,0.0002532894788521006,0.002594753185814494,0.001220627321165943
-0.002016680066100378,-0.001499265066589043,-0.0006894976661847033,-0.001508786266202549,-0.001112908814487586,-0.00191578447820428,-6.941029332366093e-05,-0.0005994830168077988,-8.446759991723526e-05,0.000153090320872734,0.0001074029103944512,-0.000384853253098342,-0.002001969529531993,-0.002583134831944038,-0.0001176567968271717,0.0006562164836325676,-0.0007505444909411611,0.0002338935978111691,0.001128129105989489,-0.0005764662312603432,-0.003542979889381235,-0.002151762554098075,5.134289677779773e-05,-0.000145786534813855,0.0003459689925729582,0.0004811691492577622,0.002356061315678365,-0.001921580882484694,-0.001864786639398083,-0.001538514833669777,-0.001302013123710607,-0.001935393345442516,0.0005513971781517543,-0.0005124257117135153,0.0001611965355129852,-0.001819561580646142,-0.0004612631609758294,-6.566157536441793e-05,0.0008246556830350718,-0.0006848220574043819,0.0004320944891802429,-0.0007257853835984803,-0.001678199721763636,-0.0003743287737360944,-0.0003053389505947369,-0.001303951924176574,-0.0003733327411742053,-0.001535540002007003,0.000955249931279798,-0.002655198909248556,-0.0009497434613125957,-0.001003314870192906,-0.002732211600339449,-0.0007566395484144592,-0.0001775370095521436,-0.00137565104370915,-0.0008613089479477466,-0.0003422794536933394,-0.0005645386221974295,-0.0006659560361900152,-0.002467952477759439,-0.0008826795084496303,-0.0007135240946644589,8.78278808589413e-05
0.001031045454064201,0.001029647823274335,-0.001764835118352601,-0.001649069830217502,0.001902727391320082,0.002227909007005249,0.003672457063512842,0.0006043630543359509,-0.0008510261858606039,0.0003531618416184827,0.0004920316175168901,0.00168798925573115,0.001542295429263635,0.001836629895837832,-0.0008168090477686878,-0.002994773712665885,0.0001405871770352647,0.0009720084158950679,-0.0007822231892527515,0.001740172927628396,-0.0001512232513990751,-0.00068473639817941,-0.001130972244521913,-0.0002177814937773379,-0.0009291165047097782,0.001707049907082964,7.11951969304719e-05,-5.381102834054312e-05,-5.918063766459645e-06,0.0006941473853689079,5.745788957952672e-05,-0.001299427829808774,0.0008042209767826174,6.175149723282853e-06,0.000988126691618218,-0.0006661333759529091,0.0006384027115233195,0.001769540633390072,0.0008881812447592645,-0.0007504727106543141,-0.002237269042664582,-0.001040319912272661,0.0004663413678417257,-0.002130345859977997,0.0006260045102902005,0.001073412551851286,0.0001052482388986251,-0.0002745680865635432,-3.277235461436626e-05,0.002259880212630608,0.0007619757774232451,-0.0007771555318041061,-0.001022641735062403,-0.001290100214131985,-0.0004703533085555438,0.0007839776733874793,-0.001517552600802696,-0.0003995894743170847,0.001383719527219055,0.0008329946779341616,-0.001556424043115545,-0.0009628804522721094,-0.002109978608077572,-0.0005380693945514322
-0.001012952350159457,0.001427863509376136,0.0001265670713625584,-0.001468633873941803,1.461665566802605e-05,-0.001017410226990961,0.001766324551439413,0.002020262689111739,0.0002952661494232482,0.0009624707058360503,0.001950139483897549,-0.0005165997201142479,-0.000436382440973781,0.0003501752792661056,-0.0003130627828463629,-0.0005327900149579603,-0.00024689942289442,0.001459466160256529,0.0005330996268383156,0.000900357757157386,-0.001045962034926071,-0.0008459262045076026,0.0004446742713738912,0.000871994405628722,-0.0003246701858221314,0.0003937578340683769,0.001698804332748461,-9.035529373320293e-05,0.0002415066216398898,0.0007423265394619062,0.0009026523567371683,-0.0002425989952854387,0.001023117711915006,-0.001496970645454509,0.0002693226918258205,0.0004831107481510401,0.0001964113366708083,0.001688719287397924,0.0008546799673852158,-0.0002277392717013856,-0.002030245603582582,-0.002316612840798239,-0.00117273343023746,-0.001198029657179039,0.000956968680507352,-0.001115842177795766,-3.462075364804861e-05,0.0003932378669825615,-5.151587996400322e-05,-1.878262662283e-05,-0.0005227489989143167,0.0002126731910589865,-0.000818385457714103,-0.001220500534208854,0.0001089148408816176,0.0008648388467075347,-0.0003240303747231439,-0.0005456922863169413,0.0007755322155745366,0.0002177107442302475,-0.001054157045774474,-0.0008596988061406938,-0.001961753036932163,0.00075053245501501
0.0007813506067265085,-0.0004634565388876136,-1.862303360689895e-05,0.001427511587139055,0.0007496871243553181,0.00165994979538268,0.0001680177586472452,0.0002061608080158271,0.0004681652993917652,-1.894120485334691e-05,-0.0004865496614608098,0.0006092645630059159,0.0006577380069654102,0.001967303698426857,-0.0001263669212849228,-0.0001706830738332132,0.001054640594203721,0.0002931840503248763,-0.0004755881166546864,0.0002020141181883832,0.001107160730345384,0.0006355234185041385,0.0006423720596798613,-0.0003460824672365305,-0.0004868502433766271,0.0004040126761335561,-0.0005040335552410893,0.001008399961606027,-0.0001745783396925981,0.0002679267137730041,0.0007375310921707021,0.001111582380516731,-0.0001521484684594338,0.0008620177641435489,1.896507744254242e-05,0.001042889799047708,0.000464043412663198,8.747853443615762e-05,0.0006281772902462006,0.000438787880946545,0.0005527311523866768,0.0006335848474594983,0.0001708036777323894,-8.588358823308861e-05,0.0008579176554185846,0.002015648956337589,0.0009003432304104368,-0.0004914438187499163,6.677508025269061e-05,0.001069662624173272,-0.0002125523478696104,0.0002778065460721021,0.001689177827686909,0.001032179107665311,0.0003849687780796736,-0.000848751485459811,0.0009044854522965538,0.0006782546952947365,0.0001665554559114113,0.0004534796745935642,0.0008460362867360266,0.0008391630915542612,-0.0002423926503996334,-0.0009907562143153211
